id_detector,timestamp,value,mode,day_type
50496,0,775.3263158,all,weekday
50496,15,775.3263158,all,weekday
50496,30,775.3263158,all,weekday
50496,45,775.3263158,all,weekday
50496,60,288.1590909,all,weekday
50496,75,288.1590909,all,weekday
50496,90,288.1590909,all,weekday
50496,105,288.1590909,all,weekday
50496,120,199.7826087,all,weekday
50496,135,199.7826087,all,weekday
50496,150,199.7826087,all,weekday
50496,165,199.7826087,all,weekday
50496,180,181.673913,all,weekday
50496,195,181.673913,all,weekday
50496,210,181.673913,all,weekday
50496,225,181.673913,all,weekday
50496,240,426.5826087,all,weekday
50496,255,426.5826087,all,weekday
50496,270,426.5826087,all,weekday
50496,285,426.5826087,all,weekday
50496,300,940.6434783,all,weekday
50496,315,940.6434783,all,weekday
50496,330,940.6434783,all,weekday
50496,345,940.6434783,all,weekday
50496,360,2190.1,all,weekday
50496,375,2190.1,all,weekday
50496,390,2190.1,all,weekday
50496,405,2190.1,all,weekday
50496,420,3340.96087,all,weekday
50496,435,3340.96087,all,weekday
50496,450,3340.96087,all,weekday
50496,465,3340.96087,all,weekday
50496,480,2998.856522,all,weekday
50496,495,2998.856522,all,weekday
50496,510,2998.856522,all,weekday
50496,525,2998.856522,all,weekday
50496,540,3018.213043,all,weekday
50496,555,3018.213043,all,weekday
50496,570,3018.213043,all,weekday
50496,585,3018.213043,all,weekday
50496,600,2861.3,all,weekday
50496,615,2861.3,all,weekday
50496,630,2861.3,all,weekday
50496,645,2861.3,all,weekday
50496,660,2806.53913,all,weekday
50496,675,2806.53913,all,weekday
50496,690,2806.53913,all,weekday
50496,705,2806.53913,all,weekday
50496,720,2752.36087,all,weekday
50496,735,2752.36087,all,weekday
50496,750,2752.36087,all,weekday
50496,765,2752.36087,all,weekday
50496,780,2828.486957,all,weekday
50496,795,2828.486957,all,weekday
50496,810,2828.486957,all,weekday
50496,825,2828.486957,all,weekday
50496,840,2800.265217,all,weekday
50496,855,2800.265217,all,weekday
50496,870,2800.265217,all,weekday
50496,885,2800.265217,all,weekday
50496,900,2779.747826,all,weekday
50496,915,2779.747826,all,weekday
50496,930,2779.747826,all,weekday
50496,945,2779.747826,all,weekday
50496,960,2966.078261,all,weekday
50496,975,2966.078261,all,weekday
50496,990,2966.078261,all,weekday
50496,1005,2966.078261,all,weekday
50496,1020,2839.16087,all,weekday
50496,1035,2839.16087,all,weekday
50496,1050,2839.16087,all,weekday
50496,1065,2839.16087,all,weekday
50496,1080,2547.004348,all,weekday
50496,1095,2547.004348,all,weekday
50496,1110,2547.004348,all,weekday
50496,1125,2547.004348,all,weekday
50496,1140,2426.747826,all,weekday
50496,1155,2426.747826,all,weekday
50496,1170,2426.747826,all,weekday
50496,1185,2426.747826,all,weekday
50496,1200,2016.652174,all,weekday
50496,1215,2016.652174,all,weekday
50496,1230,2016.652174,all,weekday
50496,1245,2016.652174,all,weekday
50496,1260,1432.995652,all,weekday
50496,1275,1432.995652,all,weekday
50496,1290,1432.995652,all,weekday
50496,1305,1432.995652,all,weekday
50496,1320,1155.956522,all,weekday
50496,1335,1155.956522,all,weekday
50496,1350,1155.956522,all,weekday
50496,1365,1155.956522,all,weekday
50496,1380,1150.265217,all,weekday
50496,1395,1150.265217,all,weekday
50496,1410,1150.265217,all,weekday
50496,1425,1150.265217,all,weekday
49685,0,402.2681818,all,weekday
49685,15,402.2681818,all,weekday
49685,30,402.2681818,all,weekday
49685,45,402.2681818,all,weekday
49685,60,235.6782609,all,weekday
49685,75,235.6782609,all,weekday
49685,90,235.6782609,all,weekday
49685,105,235.6782609,all,weekday
49685,120,131.0454545,all,weekday
49685,135,131.0454545,all,weekday
49685,150,131.0454545,all,weekday
49685,165,131.0454545,all,weekday
49685,180,221.1347826,all,weekday
49685,195,221.1347826,all,weekday
49685,210,221.1347826,all,weekday
49685,225,221.1347826,all,weekday
49685,240,561.1913043,all,weekday
49685,255,561.1913043,all,weekday
49685,270,561.1913043,all,weekday
49685,285,561.1913043,all,weekday
49685,300,1337.747826,all,weekday
49685,315,1337.747826,all,weekday
49685,330,1337.747826,all,weekday
49685,345,1337.747826,all,weekday
49685,360,2805.156522,all,weekday
49685,375,2805.156522,all,weekday
49685,390,2805.156522,all,weekday
49685,405,2805.156522,all,weekday
49685,420,3473.504348,all,weekday
49685,435,3473.504348,all,weekday
49685,450,3473.504348,all,weekday
49685,465,3473.504348,all,weekday
49685,480,3858.047826,all,weekday
49685,495,3858.047826,all,weekday
49685,510,3858.047826,all,weekday
49685,525,3858.047826,all,weekday
49685,540,3332.226087,all,weekday
49685,555,3332.226087,all,weekday
49685,570,3332.226087,all,weekday
49685,585,3332.226087,all,weekday
49685,600,2670.847826,all,weekday
49685,615,2670.847826,all,weekday
49685,630,2670.847826,all,weekday
49685,645,2670.847826,all,weekday
49685,660,2710.456522,all,weekday
49685,675,2710.456522,all,weekday
49685,690,2710.456522,all,weekday
49685,705,2710.456522,all,weekday
49685,720,2735.121739,all,weekday
49685,735,2735.121739,all,weekday
49685,750,2735.121739,all,weekday
49685,765,2735.121739,all,weekday
49685,780,2655.621739,all,weekday
49685,795,2655.621739,all,weekday
49685,810,2655.621739,all,weekday
49685,825,2655.621739,all,weekday
49685,840,2437.952174,all,weekday
49685,855,2437.952174,all,weekday
49685,870,2437.952174,all,weekday
49685,885,2437.952174,all,weekday
49685,900,2660.06087,all,weekday
49685,915,2660.06087,all,weekday
49685,930,2660.06087,all,weekday
49685,945,2660.06087,all,weekday
49685,960,2979.356522,all,weekday
49685,975,2979.356522,all,weekday
49685,990,2979.356522,all,weekday
49685,1005,2979.356522,all,weekday
49685,1020,2941.895652,all,weekday
49685,1035,2941.895652,all,weekday
49685,1050,2941.895652,all,weekday
49685,1065,2941.895652,all,weekday
49685,1080,2710.069565,all,weekday
49685,1095,2710.069565,all,weekday
49685,1110,2710.069565,all,weekday
49685,1125,2710.069565,all,weekday
49685,1140,2144.509091,all,weekday
49685,1155,2144.509091,all,weekday
49685,1170,2144.509091,all,weekday
49685,1185,2144.509091,all,weekday
49685,1200,1643.726087,all,weekday
49685,1215,1643.726087,all,weekday
49685,1230,1643.726087,all,weekday
49685,1245,1643.726087,all,weekday
49685,1260,1194.478261,all,weekday
49685,1275,1194.478261,all,weekday
49685,1290,1194.478261,all,weekday
49685,1305,1194.478261,all,weekday
49685,1320,920.5391304,all,weekday
49685,1335,920.5391304,all,weekday
49685,1350,920.5391304,all,weekday
49685,1365,920.5391304,all,weekday
49685,1380,808.9913043,all,weekday
49685,1395,808.9913043,all,weekday
49685,1410,808.9913043,all,weekday
49685,1425,808.9913043,all,weekday
63706,0,588.947619,all,weekday
63706,15,588.947619,all,weekday
63706,30,588.947619,all,weekday
63706,45,588.947619,all,weekday
63706,60,323.2,all,weekday
63706,75,323.2,all,weekday
63706,90,323.2,all,weekday
63706,105,323.2,all,weekday
63706,120,167.1434783,all,weekday
63706,135,167.1434783,all,weekday
63706,150,167.1434783,all,weekday
63706,165,167.1434783,all,weekday
63706,180,208.0695652,all,weekday
63706,195,208.0695652,all,weekday
63706,210,208.0695652,all,weekday
63706,225,208.0695652,all,weekday
63706,240,435.1521739,all,weekday
63706,255,435.1521739,all,weekday
63706,270,435.1521739,all,weekday
63706,285,435.1521739,all,weekday
63706,300,868.2869565,all,weekday
63706,315,868.2869565,all,weekday
63706,330,868.2869565,all,weekday
63706,345,868.2869565,all,weekday
63706,360,1988.734783,all,weekday
63706,375,1988.734783,all,weekday
63706,390,1988.734783,all,weekday
63706,405,1988.734783,all,weekday
63706,420,2677.656522,all,weekday
63706,435,2677.656522,all,weekday
63706,450,2677.656522,all,weekday
63706,465,2677.656522,all,weekday
63706,480,3098.53913,all,weekday
63706,495,3098.53913,all,weekday
63706,510,3098.53913,all,weekday
63706,525,3098.53913,all,weekday
63706,540,2941.604348,all,weekday
63706,555,2941.604348,all,weekday
63706,570,2941.604348,all,weekday
63706,585,2941.604348,all,weekday
63706,600,2607.578261,all,weekday
63706,615,2607.578261,all,weekday
63706,630,2607.578261,all,weekday
63706,645,2607.578261,all,weekday
63706,660,2596.547826,all,weekday
63706,675,2596.547826,all,weekday
63706,690,2596.547826,all,weekday
63706,705,2596.547826,all,weekday
63706,720,2669.06087,all,weekday
63706,735,2669.06087,all,weekday
63706,750,2669.06087,all,weekday
63706,765,2669.06087,all,weekday
63706,780,2267.613043,all,weekday
63706,795,2267.613043,all,weekday
63706,810,2267.613043,all,weekday
63706,825,2267.613043,all,weekday
63706,840,2391.147826,all,weekday
63706,855,2391.147826,all,weekday
63706,870,2391.147826,all,weekday
63706,885,2391.147826,all,weekday
63706,900,2224.756522,all,weekday
63706,915,2224.756522,all,weekday
63706,930,2224.756522,all,weekday
63706,945,2224.756522,all,weekday
63706,960,1927.473913,all,weekday
63706,975,1927.473913,all,weekday
63706,990,1927.473913,all,weekday
63706,1005,1927.473913,all,weekday
63706,1020,1686.078261,all,weekday
63706,1035,1686.078261,all,weekday
63706,1050,1686.078261,all,weekday
63706,1065,1686.078261,all,weekday
63706,1080,1595.743478,all,weekday
63706,1095,1595.743478,all,weekday
63706,1110,1595.743478,all,weekday
63706,1125,1595.743478,all,weekday
63706,1140,1774.730435,all,weekday
63706,1155,1774.730435,all,weekday
63706,1170,1774.730435,all,weekday
63706,1185,1774.730435,all,weekday
63706,1200,1700.13913,all,weekday
63706,1215,1700.13913,all,weekday
63706,1230,1700.13913,all,weekday
63706,1245,1700.13913,all,weekday
63706,1260,1394.173913,all,weekday
63706,1275,1394.173913,all,weekday
63706,1290,1394.173913,all,weekday
63706,1305,1394.173913,all,weekday
63706,1320,1181.191304,all,weekday
63706,1335,1181.191304,all,weekday
63706,1350,1181.191304,all,weekday
63706,1365,1181.191304,all,weekday
63706,1380,1171.265217,all,weekday
63706,1395,1171.265217,all,weekday
63706,1410,1171.265217,all,weekday
63706,1425,1171.265217,all,weekday
63626,0,246.7105263,all,weekday
63626,15,246.7105263,all,weekday
63626,30,246.7105263,all,weekday
63626,45,246.7105263,all,weekday
63626,60,157.8421053,all,weekday
63626,75,157.8421053,all,weekday
63626,90,157.8421053,all,weekday
63626,105,157.8421053,all,weekday
63626,120,97.32857143,all,weekday
63626,135,97.32857143,all,weekday
63626,150,97.32857143,all,weekday
63626,165,97.32857143,all,weekday
63626,180,130.0590909,all,weekday
63626,195,130.0590909,all,weekday
63626,210,130.0590909,all,weekday
63626,225,130.0590909,all,weekday
63626,240,240.3619048,all,weekday
63626,255,240.3619048,all,weekday
63626,270,240.3619048,all,weekday
63626,285,240.3619048,all,weekday
63626,300,566.465,all,weekday
63626,315,566.465,all,weekday
63626,330,566.465,all,weekday
63626,345,566.465,all,weekday
63626,360,1159.919048,all,weekday
63626,375,1159.919048,all,weekday
63626,390,1159.919048,all,weekday
63626,405,1159.919048,all,weekday
63626,420,1301.347619,all,weekday
63626,435,1301.347619,all,weekday
63626,450,1301.347619,all,weekday
63626,465,1301.347619,all,weekday
63626,480,1173.285714,all,weekday
63626,495,1173.285714,all,weekday
63626,510,1173.285714,all,weekday
63626,525,1173.285714,all,weekday
63626,540,1076.92381,all,weekday
63626,555,1076.92381,all,weekday
63626,570,1076.92381,all,weekday
63626,585,1076.92381,all,weekday
63626,600,1070.114286,all,weekday
63626,615,1070.114286,all,weekday
63626,630,1070.114286,all,weekday
63626,645,1070.114286,all,weekday
63626,660,1031.304762,all,weekday
63626,675,1031.304762,all,weekday
63626,690,1031.304762,all,weekday
63626,705,1031.304762,all,weekday
63626,720,1080.619048,all,weekday
63626,735,1080.619048,all,weekday
63626,750,1080.619048,all,weekday
63626,765,1080.619048,all,weekday
63626,780,1059.833333,all,weekday
63626,795,1059.833333,all,weekday
63626,810,1059.833333,all,weekday
63626,825,1059.833333,all,weekday
63626,840,1000.814286,all,weekday
63626,855,1000.814286,all,weekday
63626,870,1000.814286,all,weekday
63626,885,1000.814286,all,weekday
63626,900,1024.528571,all,weekday
63626,915,1024.528571,all,weekday
63626,930,1024.528571,all,weekday
63626,945,1024.528571,all,weekday
63626,960,1061.509524,all,weekday
63626,975,1061.509524,all,weekday
63626,990,1061.509524,all,weekday
63626,1005,1061.509524,all,weekday
63626,1020,1076.157143,all,weekday
63626,1035,1076.157143,all,weekday
63626,1050,1076.157143,all,weekday
63626,1065,1076.157143,all,weekday
63626,1080,1097.342857,all,weekday
63626,1095,1097.342857,all,weekday
63626,1110,1097.342857,all,weekday
63626,1125,1097.342857,all,weekday
63626,1140,1034.409524,all,weekday
63626,1155,1034.409524,all,weekday
63626,1170,1034.409524,all,weekday
63626,1185,1034.409524,all,weekday
63626,1200,878.3285714,all,weekday
63626,1215,878.3285714,all,weekday
63626,1230,878.3285714,all,weekday
63626,1245,878.3285714,all,weekday
63626,1260,544.4666667,all,weekday
63626,1275,544.4666667,all,weekday
63626,1290,544.4666667,all,weekday
63626,1305,544.4666667,all,weekday
63626,1320,422.8809524,all,weekday
63626,1335,422.8809524,all,weekday
63626,1350,422.8809524,all,weekday
63626,1365,422.8809524,all,weekday
63626,1380,365.2285714,all,weekday
63626,1395,365.2285714,all,weekday
63626,1410,365.2285714,all,weekday
63626,1425,365.2285714,all,weekday
50496,0,881.2,all,weekend
50496,15,881.2,all,weekend
50496,30,881.2,all,weekend
50496,45,881.2,all,weekend
50496,60,548.9,all,weekend
50496,75,548.9,all,weekend
50496,90,548.9,all,weekend
50496,105,548.9,all,weekend
50496,120,457.75,all,weekend
50496,135,457.75,all,weekend
50496,150,457.75,all,weekend
50496,165,457.75,all,weekend
50496,180,285.475,all,weekend
50496,195,285.475,all,weekend
50496,210,285.475,all,weekend
50496,225,285.475,all,weekend
50496,240,330.2,all,weekend
50496,255,330.2,all,weekend
50496,270,330.2,all,weekend
50496,285,330.2,all,weekend
50496,300,667.925,all,weekend
50496,315,667.925,all,weekend
50496,330,667.925,all,weekend
50496,345,667.925,all,weekend
50496,360,1154.35,all,weekend
50496,375,1154.35,all,weekend
50496,390,1154.35,all,weekend
50496,405,1154.35,all,weekend
50496,420,1967.5,all,weekend
50496,435,1967.5,all,weekend
50496,450,1967.5,all,weekend
50496,465,1967.5,all,weekend
50496,480,2453.7,all,weekend
50496,495,2453.7,all,weekend
50496,510,2453.7,all,weekend
50496,525,2453.7,all,weekend
50496,540,2439.6,all,weekend
50496,555,2439.6,all,weekend
50496,570,2439.6,all,weekend
50496,585,2439.6,all,weekend
50496,600,3057,all,weekend
50496,615,3057,all,weekend
50496,630,3057,all,weekend
50496,645,3057,all,weekend
50496,660,2589.025,all,weekend
50496,675,2589.025,all,weekend
50496,690,2589.025,all,weekend
50496,705,2589.025,all,weekend
50496,720,2391.6,all,weekend
50496,735,2391.6,all,weekend
50496,750,2391.6,all,weekend
50496,765,2391.6,all,weekend
50496,780,3435.425,all,weekend
50496,795,3435.425,all,weekend
50496,810,3435.425,all,weekend
50496,825,3435.425,all,weekend
50496,840,3326.45,all,weekend
50496,855,3326.45,all,weekend
50496,870,3326.45,all,weekend
50496,885,3326.45,all,weekend
50496,900,3110.025,all,weekend
50496,915,3110.025,all,weekend
50496,930,3110.025,all,weekend
50496,945,3110.025,all,weekend
50496,960,3022.425,all,weekend
50496,975,3022.425,all,weekend
50496,990,3022.425,all,weekend
50496,1005,3022.425,all,weekend
50496,1020,2505.75,all,weekend
50496,1035,2505.75,all,weekend
50496,1050,2505.75,all,weekend
50496,1065,2505.75,all,weekend
50496,1080,3319.35,all,weekend
50496,1095,3319.35,all,weekend
50496,1110,3319.35,all,weekend
50496,1125,3319.35,all,weekend
50496,1140,3053.325,all,weekend
50496,1155,3053.325,all,weekend
50496,1170,3053.325,all,weekend
50496,1185,3053.325,all,weekend
50496,1200,2293.65,all,weekend
50496,1215,2293.65,all,weekend
50496,1230,2293.65,all,weekend
50496,1245,2293.65,all,weekend
50496,1260,1621.575,all,weekend
50496,1275,1621.575,all,weekend
50496,1290,1621.575,all,weekend
50496,1305,1621.575,all,weekend
50496,1320,1426.65,all,weekend
50496,1335,1426.65,all,weekend
50496,1350,1426.65,all,weekend
50496,1365,1426.65,all,weekend
50496,1380,1297,all,weekend
50496,1395,1297,all,weekend
50496,1410,1297,all,weekend
50496,1425,1297,all,weekend
49685,0,676.3,all,weekend
49685,15,676.3,all,weekend
49685,30,676.3,all,weekend
49685,45,676.3,all,weekend
49685,60,384.9,all,weekend
49685,75,384.9,all,weekend
49685,90,384.9,all,weekend
49685,105,384.9,all,weekend
49685,120,257.25,all,weekend
49685,135,257.25,all,weekend
49685,150,257.25,all,weekend
49685,165,257.25,all,weekend
49685,180,362.3,all,weekend
49685,195,362.3,all,weekend
49685,210,362.3,all,weekend
49685,225,362.3,all,weekend
49685,240,640.875,all,weekend
49685,255,640.875,all,weekend
49685,270,640.875,all,weekend
49685,285,640.875,all,weekend
49685,300,1074.225,all,weekend
49685,315,1074.225,all,weekend
49685,330,1074.225,all,weekend
49685,345,1074.225,all,weekend
49685,360,1647.05,all,weekend
49685,375,1647.05,all,weekend
49685,390,1647.05,all,weekend
49685,405,1647.05,all,weekend
49685,420,1870.8,all,weekend
49685,435,1870.8,all,weekend
49685,450,1870.8,all,weekend
49685,465,1870.8,all,weekend
49685,480,2168.35,all,weekend
49685,495,2168.35,all,weekend
49685,510,2168.35,all,weekend
49685,525,2168.35,all,weekend
49685,540,2645.05,all,weekend
49685,555,2645.05,all,weekend
49685,570,2645.05,all,weekend
49685,585,2645.05,all,weekend
49685,600,2344.925,all,weekend
49685,615,2344.925,all,weekend
49685,630,2344.925,all,weekend
49685,645,2344.925,all,weekend
49685,660,2341.925,all,weekend
49685,675,2341.925,all,weekend
49685,690,2341.925,all,weekend
49685,705,2341.925,all,weekend
49685,720,2426.45,all,weekend
49685,735,2426.45,all,weekend
49685,750,2426.45,all,weekend
49685,765,2426.45,all,weekend
49685,780,2341.2,all,weekend
49685,795,2341.2,all,weekend
49685,810,2341.2,all,weekend
49685,825,2341.2,all,weekend
49685,840,2283.45,all,weekend
49685,855,2283.45,all,weekend
49685,870,2283.45,all,weekend
49685,885,2283.45,all,weekend
49685,900,2390.7,all,weekend
49685,915,2390.7,all,weekend
49685,930,2390.7,all,weekend
49685,945,2390.7,all,weekend
49685,960,2125.625,all,weekend
49685,975,2125.625,all,weekend
49685,990,2125.625,all,weekend
49685,1005,2125.625,all,weekend
49685,1020,2472.475,all,weekend
49685,1035,2472.475,all,weekend
49685,1050,2472.475,all,weekend
49685,1065,2472.475,all,weekend
49685,1080,2528.625,all,weekend
49685,1095,2528.625,all,weekend
49685,1110,2528.625,all,weekend
49685,1125,2528.625,all,weekend
49685,1140,2995.925,all,weekend
49685,1155,2995.925,all,weekend
49685,1170,2995.925,all,weekend
49685,1185,2995.925,all,weekend
49685,1200,1908.35,all,weekend
49685,1215,1908.35,all,weekend
49685,1230,1908.35,all,weekend
49685,1245,1908.35,all,weekend
49685,1260,1275.65,all,weekend
49685,1275,1275.65,all,weekend
49685,1290,1275.65,all,weekend
49685,1305,1275.65,all,weekend
49685,1320,937.175,all,weekend
49685,1335,937.175,all,weekend
49685,1350,937.175,all,weekend
49685,1365,937.175,all,weekend
49685,1380,1055.675,all,weekend
49685,1395,1055.675,all,weekend
49685,1410,1055.675,all,weekend
49685,1425,1055.675,all,weekend
63706,0,975.125,all,weekend
63706,15,975.125,all,weekend
63706,30,975.125,all,weekend
63706,45,975.125,all,weekend
63706,60,683.225,all,weekend
63706,75,683.225,all,weekend
63706,90,683.225,all,weekend
63706,105,683.225,all,weekend
63706,120,355,all,weekend
63706,135,355,all,weekend
63706,150,355,all,weekend
63706,165,355,all,weekend
63706,180,376.35,all,weekend
63706,195,376.35,all,weekend
63706,210,376.35,all,weekend
63706,225,376.35,all,weekend
63706,240,493.85,all,weekend
63706,255,493.85,all,weekend
63706,270,493.85,all,weekend
63706,285,493.85,all,weekend
63706,300,647.275,all,weekend
63706,315,647.275,all,weekend
63706,330,647.275,all,weekend
63706,345,647.275,all,weekend
63706,360,1188.925,all,weekend
63706,375,1188.925,all,weekend
63706,390,1188.925,all,weekend
63706,405,1188.925,all,weekend
63706,420,1733.625,all,weekend
63706,435,1733.625,all,weekend
63706,450,1733.625,all,weekend
63706,465,1733.625,all,weekend
63706,480,2099.575,all,weekend
63706,495,2099.575,all,weekend
63706,510,2099.575,all,weekend
63706,525,2099.575,all,weekend
63706,540,2137.75,all,weekend
63706,555,2137.75,all,weekend
63706,570,2137.75,all,weekend
63706,585,2137.75,all,weekend
63706,600,2314.15,all,weekend
63706,615,2314.15,all,weekend
63706,630,2314.15,all,weekend
63706,645,2314.15,all,weekend
63706,660,2362.4,all,weekend
63706,675,2362.4,all,weekend
63706,690,2362.4,all,weekend
63706,705,2362.4,all,weekend
63706,720,2313.125,all,weekend
63706,735,2313.125,all,weekend
63706,750,2313.125,all,weekend
63706,765,2313.125,all,weekend
63706,780,2352.325,all,weekend
63706,795,2352.325,all,weekend
63706,810,2352.325,all,weekend
63706,825,2352.325,all,weekend
63706,840,2780.075,all,weekend
63706,855,2780.075,all,weekend
63706,870,2780.075,all,weekend
63706,885,2780.075,all,weekend
63706,900,2944.55,all,weekend
63706,915,2944.55,all,weekend
63706,930,2944.55,all,weekend
63706,945,2944.55,all,weekend
63706,960,2920.3,all,weekend
63706,975,2920.3,all,weekend
63706,990,2920.3,all,weekend
63706,1005,2920.3,all,weekend
63706,1020,2767.175,all,weekend
63706,1035,2767.175,all,weekend
63706,1050,2767.175,all,weekend
63706,1065,2767.175,all,weekend
63706,1080,2395.175,all,weekend
63706,1095,2395.175,all,weekend
63706,1110,2395.175,all,weekend
63706,1125,2395.175,all,weekend
63706,1140,2921.1,all,weekend
63706,1155,2921.1,all,weekend
63706,1170,2921.1,all,weekend
63706,1185,2921.1,all,weekend
63706,1200,2422.825,all,weekend
63706,1215,2422.825,all,weekend
63706,1230,2422.825,all,weekend
63706,1245,2422.825,all,weekend
63706,1260,1688.4,all,weekend
63706,1275,1688.4,all,weekend
63706,1290,1688.4,all,weekend
63706,1305,1688.4,all,weekend
63706,1320,1705.25,all,weekend
63706,1335,1705.25,all,weekend
63706,1350,1705.25,all,weekend
63706,1365,1705.25,all,weekend
63706,1380,1637.45,all,weekend
63706,1395,1637.45,all,weekend
63706,1410,1637.45,all,weekend
63706,1425,1637.45,all,weekend
63626,0,419.8,all,weekend
63626,15,419.8,all,weekend
63626,30,419.8,all,weekend
63626,45,419.8,all,weekend
63626,60,296.8,all,weekend
63626,75,296.8,all,weekend
63626,90,296.8,all,weekend
63626,105,296.8,all,weekend
63626,120,185.05,all,weekend
63626,135,185.05,all,weekend
63626,150,185.05,all,weekend
63626,165,185.05,all,weekend
63626,180,168.15,all,weekend
63626,195,168.15,all,weekend
63626,210,168.15,all,weekend
63626,225,168.15,all,weekend
63626,240,253.9,all,weekend
63626,255,253.9,all,weekend
63626,270,253.9,all,weekend
63626,285,253.9,all,weekend
63626,300,455.425,all,weekend
63626,315,455.425,all,weekend
63626,330,455.425,all,weekend
63626,345,455.425,all,weekend
63626,360,716.825,all,weekend
63626,375,716.825,all,weekend
63626,390,716.825,all,weekend
63626,405,716.825,all,weekend
63626,420,720,all,weekend
63626,435,720,all,weekend
63626,450,720,all,weekend
63626,465,720,all,weekend
63626,480,848.175,all,weekend
63626,495,848.175,all,weekend
63626,510,848.175,all,weekend
63626,525,848.175,all,weekend
63626,540,1117.8,all,weekend
63626,555,1117.8,all,weekend
63626,570,1117.8,all,weekend
63626,585,1117.8,all,weekend
63626,600,1209.275,all,weekend
63626,615,1209.275,all,weekend
63626,630,1209.275,all,weekend
63626,645,1209.275,all,weekend
63626,660,1231.775,all,weekend
63626,675,1231.775,all,weekend
63626,690,1231.775,all,weekend
63626,705,1231.775,all,weekend
63626,720,1222.05,all,weekend
63626,735,1222.05,all,weekend
63626,750,1222.05,all,weekend
63626,765,1222.05,all,weekend
63626,780,1185.65,all,weekend
63626,795,1185.65,all,weekend
63626,810,1185.65,all,weekend
63626,825,1185.65,all,weekend
63626,840,1099.3,all,weekend
63626,855,1099.3,all,weekend
63626,870,1099.3,all,weekend
63626,885,1099.3,all,weekend
63626,900,1155.65,all,weekend
63626,915,1155.65,all,weekend
63626,930,1155.65,all,weekend
63626,945,1155.65,all,weekend
63626,960,1219.575,all,weekend
63626,975,1219.575,all,weekend
63626,990,1219.575,all,weekend
63626,1005,1219.575,all,weekend
63626,1020,1205.525,all,weekend
63626,1035,1205.525,all,weekend
63626,1050,1205.525,all,weekend
63626,1065,1205.525,all,weekend
63626,1080,1182.925,all,weekend
63626,1095,1182.925,all,weekend
63626,1110,1182.925,all,weekend
63626,1125,1182.925,all,weekend
63626,1140,1201.825,all,weekend
63626,1155,1201.825,all,weekend
63626,1170,1201.825,all,weekend
63626,1185,1201.825,all,weekend
63626,1200,986.025,all,weekend
63626,1215,986.025,all,weekend
63626,1230,986.025,all,weekend
63626,1245,986.025,all,weekend
63626,1260,605.325,all,weekend
63626,1275,605.325,all,weekend
63626,1290,605.325,all,weekend
63626,1305,605.325,all,weekend
63626,1320,586.975,all,weekend
63626,1335,586.975,all,weekend
63626,1350,586.975,all,weekend
63626,1365,586.975,all,weekend
63626,1380,651.1666667,all,weekend
63626,1395,651.1666667,all,weekend
63626,1410,651.1666667,all,weekend
63626,1425,651.1666667,all,weekend
