id,from_node,via_node,to_node,penalty
0,305085972,395229033,305086290,9999999
1,1235826664,372721682,1200136283,9999999
2,1236600905,1236600876,372717154,9999999
3,2371678192,262122806,372717154,9999999
4,280231011,279549197,1088164559,9999999
5,901747761,321841042,901748787,9999999
6,1803896277,2316535097,9552006786,9999999
7,289941986,706162849,2295094053,9999999
8,305100900,394747230,400700288,9999999
9,356949232,373112567,356949232,9999999
10,10734757314,10734709699,1526175206,9999999
11,304462433,304462432,248681273,9999999
12,5208022724,5208018203,9552006349,9999999
13,252938429,304456782,304456783,9999999
14,5208022724,9552006013,5208022724,9999999
15,4719281327,4719281333,302977422,9999999
16,320037586,2390153653,1119847011,9999999
17,10734709696,10734709699,1526175206,9999999
18,298924183,298923888,552542371,9999999
19,1342065100,10934602827,1526175234,9999999
20,9552006095,12140564317,12140564323,9999999
21,279549197,280231011,1088164559,9999999
22,298920165,552542371,298920707,9999999
23,428062792,298919504,298921279,9999999
24,372721676,2526568151,372724613,9999999
25,729702341,253282306,253282305,9999999
26,9552006088,9552006095,12140564317,9999999
27,394744155,394744156,157435929,9999999
28,369688016,253786445,1235826664,9999999
29,289942106,2295094056,297384976,9999999
30,373112557,373112567,306725814,9999999
31,332450606,400700292,305100900,9999999
32,394747230,305100899,394747230,9999999
33,920281633,920281559,958231014,9999999
34,1554560810,1812356469,1812356446,9999999
35,252938434,391287247,391287245,9999999
36,1762553240,157454155,394733458,9999999
37,246579179,252528808,252528811,9999999
38,395229033,395229032,395229033,9999999
39,2318233360,1803896310,2318233360,9999999
40,262112504,262112573,262112814,9999999
41,277730486,277730488,277730489,9999999
42,1803896268,2318233350,3066771541,9999999
43,294116617,257737386,500179084,9999999
44,5208022724,9552006013,9552005961,9999999
45,2312074608,248678326,289942103,9999999
46,305090261,305090246,395229032,9999999
47,286718405,1200136612,399548451,9999999
48,9727197376,306686547,306517746,9999999
49,2316535101,2316535104,7966149558,9999999
50,248681267,2312074608,297384976,9999999
51,661041316,2318233360,661041316,9999999
52,400700292,305100900,394747230,9999999
53,305100899,332450606,400700292,9999999
54,373112557,373112567,356949232,9999999
55,248837257,264251858,270306370,9999999
56,305092580,324201291,356968117,9999999
57,298924989,10895705526,298924989,9999999
58,2371678175,262122806,372717154,9999999
59,306686175,306685890,367903555,9999999
60,330718870,298571322,298570967,9999999
61,248683379,2691984090,12173599784,9999999
62,303203448,303203349,303203448,9999999
63,253708552,262121285,253708552,9999999
64,157436051,394739374,298924499,9999999
65,303199319,303199225,260980545,9999999
66,399548451,298573926,399548461,9999999
67,262122456,262121285,262122455,9999999
68,1200136744,1200136509,305091450,9999999
69,2316535097,9552006786,2316535097,9999999
70,902586741,1812356436,902586685,9999999
71,314388286,314388173,314388170,9999999
72,270302535,1340594349,248837256,9999999
73,305092916,305092914,356969059,9999999
74,333709132,10929589567,304463093,9999999
75,394747230,400700288,314390740,9999999
76,7951291376,297382357,297382355,9999999
77,1092776125,246579171,246665999,9999999
78,1236041358,304452858,1236041389,9999999
79,1200136395,1200136283,372721682,9999999
80,1200136395,1200136283,1200136743,9999999
81,1812356436,1812356446,1812356438,9999999
82,332450606,400700292,305100899,9999999
83,5208022724,5208018203,5208018199,9999999
84,246781223,246666011,246666016,9999999
85,260980928,157436140,260980545,9999999
86,1179362558,157435929,394744156,9999999
87,1824805868,304463088,561206603,9999999
88,391278624,250903507,253282231,9999999
89,428214536,5208018203,5208022724,9999999
90,1824805868,304463088,304463974,9999999
91,262112318,2390161049,262112736,9999999
92,1119847011,262122717,319981921,9999999
93,305087528,305087527,1235831232,9999999
94,248681287,248681293,246579174,9999999
95,262122456,262121285,262122459,9999999
96,552542353,298923970,552542349,9999999
97,391278626,253708639,330723929,9999999
98,320037459,319982167,319982233,9999999
99,1762553236,394716696,394734004,9999999
100,1342064947,1342065148,1858257436,9999999
101,1235826664,372721682,1235826685,9999999
102,305087528,305087527,305087949,9999999
103,400700288,332450606,400700292,9999999
104,356948359,356948369,356948359,9999999
105,394747230,305100899,332450606,9999999
106,298921077,2472834525,2472834509,9999999
107,399548451,298573926,422302136,9999999
108,330719598,298570967,330718891,9999999
109,410792701,1092776135,246579178,9999999
110,248837257,264251858,270308404,9999999
111,395229032,305090246,395229032,9999999
112,1200136729,286718211,1200136724,9999999
113,260980928,157436140,157436135,9999999
114,394744155,314388176,309030872,9999999
115,391278624,250903507,1179067024,9999999
116,260981081,8266487749,12656812636,9999999
117,9552005983,1803896268,2318233350,9999999
118,8827032399,5336920282,5336920281,9999999
119,399548451,298573926,399548451,9999999
120,321845860,321845535,321845534,9999999
121,2312074608,248678326,2295094056,9999999
122,314388286,314388173,394744155,9999999
123,303199319,303199225,298923215,9999999
124,9727197376,306686547,1913404787,9999999
125,298923896,298923892,309030060,9999999
126,157436051,394739374,157436051,9999999
127,1332881095,357694342,262122717,9999999
128,303199319,303199225,303199237,9999999
129,13532437451,330718979,298573740,9999999
130,9552005983,1803896268,7962489435,9999999
131,260980545,303199225,260980545,9999999
132,372721676,1389060301,372721676,9999999
133,394747230,305100899,400700292,9999999
134,401964949,401964951,304453996,9999999
135,253281902,248837257,264251858,9999999
136,1236600876,372717177,319981453,9999999
137,298573944,298573943,298919339,9999999
138,294116617,257737386,257737388,9999999
139,618934330,306726391,1676898017,9999999
140,552542353,298923970,298923971,9999999
141,305090261,305090246,305088846,9999999
142,314388061,314388170,314388243,9999999
143,286718187,372727140,286718187,9999999
144,9551945299,2316535101,298920995,9999999
145,298923896,298923892,298923896,9999999
146,305092916,305092914,305094067,9999999
147,5336920282,5336920281,5336920282,9999999
148,400700288,305100899,332450606,9999999
149,372727140,1200136655,1200136395,9999999
150,963153250,963153138,1644367351,9999999
151,248837256,270302537,270302539,9999999
152,1125630203,286413994,330718976,9999999
153,324202024,157454383,157454371,9999999
154,400700288,305100899,400700288,9999999
155,8827032399,5336920282,1641271266,9999999
156,1957342745,305094070,305094071,9999999
157,8606856774,286718390,286718407,9999999
158,356949232,373112557,373112567,9999999
159,3066771541,2318233350,3066771541,9999999
160,262112504,2390161049,262112130,9999999
161,13134478900,12051539178,250909147,9999999
162,356948359,356948369,356948470,9999999
163,2316535104,7966149558,2605998706,9999999
164,1679000303,306516057,1679000303,9999999
165,330718976,330718978,3623974039,9999999
166,321845534,901749150,321841042,9999999
167,372721676,2526568151,372721676,9999999
168,972145843,624435895,972145843,9999999
169,298922083,1961914186,1213228328,9999999
170,305092702,305091450,305092582,9999999
171,1092776125,246579171,12175401201,9999999
172,1200136384,1200136612,286718405,9999999
173,5336920282,5336920281,5336920277,9999999
174,394733448,394733456,394733451,9999999
175,1236600905,1236600876,372717177,9999999
176,262122457,262122459,262121834,9999999
177,9551945299,2316535101,2316535104,9999999
178,286718405,1200136612,1200136673,9999999
179,372727140,1200136655,1200136228,9999999
180,1200136516,305099399,1200136581,9999999
181,400700288,305100899,400700292,9999999
182,311074515,277730483,277730510,9999999
183,356949232,373112557,356949232,9999999
184,260980545,303199225,298923215,9999999
185,305100584,305100589,305100587,9999999
186,8606856774,286718390,305090143,9999999
187,1179066938,252993151,391278623,9999999
188,1812356468,1812356475,1812356477,9999999
189,305092580,324201291,305092562,9999999
190,298922083,1961914186,706012726,9999999
191,277730489,373111598,277730489,9999999
192,330718976,330718978,298571109,9999999
193,428214533,9552006349,5208018203,9999999
194,2371678175,262122806,2371678175,9999999
195,157436051,394739374,1641271301,9999999
196,372727140,1200136655,1200136367,9999999
197,1175956348,306725814,373112567,9999999
198,306516057,1679000303,617994588,9999999
199,1200136612,286718405,1200136673,9999999
200,1693079586,372782832,373834174,9999999
201,297382376,297382355,257571082,9999999
202,395229032,305090246,305088846,9999999
203,398680370,398804402,398680370,9999999
204,920281560,1957360642,1957360641,9999999
205,305094077,356969064,305094077,9999999
206,158660548,250903498,252940228,9999999
207,9552007047,9552007048,9552007047,9999999
208,7966149558,2605998706,1803896310,9999999
209,277730488,277730489,373111598,9999999
210,369688016,253786445,372717286,9999999
211,251780175,262113531,262118540,9999999
212,262122457,262122459,262121285,9999999
213,246665999,246666016,246666018,9999999
214,372717177,319981453,372717177,9999999
215,286415350,305086496,305086488,9999999
216,246666018,246665999,246666016,9999999
217,1762553240,157454155,1762553236,9999999
218,298923892,298923896,298923892,9999999
219,729633055,253282230,253281901,9999999
220,298924183,298923888,298924295,9999999
221,398677807,286413997,398677879,9999999
222,330718979,298571322,298570967,9999999
223,398972517,332450603,332450606,9999999
224,1701772340,324201386,305092065,9999999
225,298922083,1961914186,298922085,9999999
226,298920165,552542371,298923888,9999999
227,394747230,400700288,305100899,9999999
228,157435929,394744156,314388176,9999999
229,305090117,303203448,303203349,9999999
230,330719598,298570967,330718978,9999999
231,330718979,298571322,330719660,9999999
232,320037539,319981206,319981922,9999999
233,253708636,252528544,253708639,9999999
234,1762553240,157454155,1762553240,9999999
235,552549663,304456781,304456782,9999999
236,319982281,319982233,319982167,9999999
237,1803896277,3066771541,1803896277,9999999
238,7951291376,297382357,264267276,9999999
239,1236041211,248681263,248681271,9999999
240,391278627,253708637,253708639,9999999
241,391286035,304456785,304456783,9999999
242,305100947,305100927,305100923,9999999
243,311074515,277730483,277730486,9999999
244,314388061,314388170,314388173,9999999
245,1693079586,372782832,372779567,9999999
246,2526568137,277730486,2526568137,9999999
247,252938423,305085676,252940228,9999999
248,286415350,305086496,253708553,9999999
249,399548451,298573926,706162849,9999999
250,1234739983,157474022,157474014,9999999
251,5208022724,5208018203,5208022724,9999999
252,262122455,262122456,319981617,9999999
253,1812356468,1812356475,1812356471,9999999
254,372717154,1236600876,372717154,9999999
255,391287245,304456783,1260844332,9999999
256,262112318,2390161049,262112130,9999999
257,2316535104,7966149558,2316535104,9999999
258,1641271277,394739374,298924499,9999999
259,306516057,1679000303,306516057,9999999
260,1119847011,262122717,357694342,9999999
261,279549197,280231011,279549197,9999999
262,372782832,373834174,372782832,9999999
263,1803896277,3066771541,2318233350,9999999
264,400700288,305100899,394747230,9999999
265,305086290,395229033,395229032,9999999
266,391278625,253282232,250903507,9999999
267,372779567,372782832,373834174,9999999
268,305092435,324201843,305092426,9999999
269,394733445,394733458,394733441,9999999
270,1340594349,248837256,270302537,9999999
271,1175956348,306725814,1175956557,9999999
272,1693215089,248837256,270302537,9999999
273,298570967,330718978,3623974039,9999999
274,306696126,376750215,262112344,9999999
275,298924096,298924177,298924128,9999999
276,305091895,305091840,305091765,9999999
277,1200136673,286718274,286718383,9999999
278,286718201,1200136335,286718288,9999999
279,1200136744,1200136509,1200136214,9999999
280,394734004,157474096,1762553240,9999999
281,1236041358,304452858,1236041555,9999999
282,305091450,1200136509,305091450,9999999
283,305085972,305086290,305094899,9999999
284,1236041211,248681263,252528349,9999999
285,277730486,277730488,13564419167,9999999
286,311075420,356949232,373112567,9999999
287,305085676,252940228,250903498,9999999
288,253708552,262121285,262122455,9999999
289,253282306,253282305,1179066938,9999999
290,305092568,305092898,305098130,9999999
291,333709132,369685024,10929589567,9999999
292,252938429,304456782,391287244,9999999
293,963153250,963153138,297382388,9999999
294,356948359,356948369,356948422,9999999
295,1812356436,1812356446,1812356469,9999999
296,391287245,304456783,304456782,9999999
297,394744155,314388176,394744156,9999999
298,262112330,376750215,262112344,9999999
299,252938429,304456782,304456781,9999999
300,2605998706,1803896310,2318233360,9999999
301,7966149558,2605998706,7966149558,9999999
302,1812356475,1812356477,1554560810,9999999
303,286718407,286718405,1200136673,9999999
304,372717220,372717177,319981453,9999999
305,920281560,1957360642,920281560,9999999
306,306686175,306685890,1913404787,9999999
307,1200136729,286718211,286718201,9999999
308,391278625,253282232,1179067003,9999999
309,391287244,391287248,38225979,9999999
310,5208022724,5208018203,428214536,9999999
311,2605998706,1803896310,2605998706,9999999
312,356949232,373112557,356948901,9999999
313,372717286,262121667,304464150,9999999
314,1803896277,2316535097,260980647,9999999
315,706162849,2295094053,706162855,9999999
316,902586741,1812356436,1812356438,9999999
317,1179362558,157435929,10961015303,9999999
318,1693079586,372782832,1693079586,9999999
319,251780175,262113531,262112881,9999999
320,561206603,561206604,304463974,9999999
321,332450606,305100899,400700292,9999999
322,428214536,5208018203,5208018199,9999999
323,902586741,902586685,1812356436,9999999
324,1200136367,286413992,372727145,9999999
325,321845860,321845535,691561566,9999999
326,279549197,280231011,281916505,9999999
327,248681270,2312074608,297384976,9999999
328,8827032399,920272880,5336920282,9999999
329,262112504,262112573,262112318,9999999
330,1641271277,394739374,157436051,9999999
331,1641271277,1641271301,157436132,9999999
332,262112504,262112573,2094087535,9999999
333,391278626,253708639,252528544,9999999
334,356948345,356948357,305092065,9999999
335,2285110760,394741527,2285110764,9999999
336,305090117,303203448,1236041351,9999999
337,303202121,1339496325,1339496497,9999999
338,303203448,303203349,303203487,9999999
339,2371678192,262122806,2371678175,9999999
340,372717177,319981453,357694342,9999999
341,372779567,372782832,372779567,9999999
342,253282306,253282305,248837258,9999999
343,333709132,369685024,428171149,9999999
344,305100899,332450606,305100899,9999999
345,920281633,920272881,920281633,9999999
346,311075420,356949232,373112557,9999999
347,369687556,369687560,1389060301,9999999
348,305094077,356969064,356969100,9999999
349,3066771540,1803896277,3066771541,9999999
350,1679000303,306516057,306516056,9999999
351,248683379,2691984090,246667751,9999999
352,286718407,286718405,286718383,9999999
353,305100584,305100589,305100781,9999999
354,305090261,305090246,305085970,9999999
355,1340319145,1339496425,260980639,9999999
356,1200136724,286718211,1200136724,9999999
357,729633055,253282230,264251505,9999999
358,1701772340,324201386,356968117,9999999
359,920281560,1957360642,920281559,9999999
360,305091891,314418749,305091890,9999999
361,1200136743,1200136655,1200136228,9999999
362,428214533,9552006349,7962489435,9999999
363,248681270,2312074608,248678326,9999999
364,561206603,561206604,304463973,9999999
365,1812356436,1812356446,1812356436,9999999
366,638460005,1092776278,252528806,9999999
367,305092445,157454235,305092436,9999999
368,561206603,428171149,304463093,9999999
369,1340319145,1339496425,2316535101,9999999
370,9267310652,252528544,304150466,9999999
371,277730486,277730488,277730486,9999999
372,305099813,9717574455,305099812,9999999
373,920281633,920272881,920272880,9999999
374,1236041494,450383469,401949156,9999999
375,311075420,356949232,311075420,9999999
376,1200136384,1200136612,399548451,9999999
377,260980545,303199225,303199237,9999999
378,410792701,1092776135,248681293,9999999
379,305092568,305092898,305092570,9999999
380,252938423,305085676,304452310,9999999
381,1342065100,1526175206,10934602827,9999999
382,297382357,297382355,963153250,9999999
383,1641271277,394739374,1641271301,9999999
384,372779567,372782832,1693079586,9999999
385,1236600876,372717177,1236600876,9999999
386,1200136228,372727140,1200136655,9999999
387,320037459,319982167,320037539,9999999
388,1125630359,398804402,1125630088,9999999
389,311075420,356949232,277730489,9999999
390,422264917,422264914,298919854,9999999
391,305091895,305091840,400700018,9999999
392,2526568137,277730486,277730488,9999999
393,1200136516,305099399,305099454,9999999
394,246579179,252528808,246579180,9999999
395,920281633,920281559,1957360642,9999999
396,3066771540,1803896277,2316535097,9999999
397,303199319,260980545,303199225,9999999
398,395229032,305090246,305085970,9999999
399,1200136724,1200136537,286718201,9999999
400,305090261,395229032,305090246,9999999
401,305100900,394747230,394747228,9999999
402,277730488,277730489,277730488,9999999
403,305087479,1235831240,262123312,9999999
404,3066771541,2318233350,1803896268,9999999
405,286718407,286718405,1200136612,9999999
406,372721676,1389060301,369687560,9999999
407,1179067024,248837258,1179066926,9999999
408,9552006013,9552005961,9552006013,9999999
409,2526568137,277730486,277730483,9999999
410,321845534,901749150,901748586,9999999
411,248678326,2295094056,248681277,9999999
412,246666018,246665999,246579171,9999999
413,303203448,303203349,303203305,9999999
414,372717154,1236600876,372717177,9999999
415,5336920282,5336920281,1641271266,9999999
416,1235826664,372721682,1235826664,9999999
417,286718405,1200136612,286718405,9999999
418,1236041494,450383469,401948346,9999999
419,2316535101,2316535104,2316535101,9999999
420,1812356475,1812356477,1554560897,9999999
421,306696126,376750215,1693848695,9999999
422,262122456,262121285,253708552,9999999
423,298919491,298921354,298921412,9999999
424,305092702,305091450,1200136509,9999999
425,391278627,253708637,252993243,9999999
426,561206603,428171149,2279331951,9999999
427,428214536,5208018203,9552006349,9999999
428,1271941853,372717220,372717177,9999999
429,395229033,395229032,305090246,9999999
430,400700292,305100899,394747230,9999999
431,248681287,248681293,1092776135,9999999
432,302977650,963152607,302977650,9999999
433,260980928,157436140,612589719,9999999
434,257570659,1961914186,1213228328,9999999
435,305085972,305086290,305090874,9999999
436,1236041282,304452861,304452860,9999999
437,394734004,157474096,157454131,9999999
438,901747761,321841042,901749150,9999999
439,1957360642,1957360641,920281560,9999999
440,304463088,560185228,304463088,9999999
441,1824805868,304463088,560185228,9999999
442,9551945299,2316535101,9551945299,9999999
443,262122455,262122456,262121285,9999999
444,1803896277,2316535097,1803896277,9999999
445,297378900,252528534,298922011,9999999
446,400700292,305100900,1503542206,9999999
447,422264917,422264914,298919508,9999999
448,419131770,961868143,304458394,9999999
449,618934330,306726391,306726774,9999999
450,1200136509,305091450,1200136509,9999999
451,2405012627,617994588,2405012625,9999999
452,624435895,972145843,624435895,9999999
453,305099813,9717574455,305100030,9999999
454,257570659,1961914186,706012726,9999999
455,305090117,303203448,254789995,9999999
456,304457443,304457632,304458774,9999999
457,304462433,304462432,10050981523,9999999
458,11007944046,427841383,248681266,9999999
459,8827032399,5336920282,920272880,9999999
460,398972517,332450603,332450600,9999999
461,305086290,395229033,305090874,9999999
462,330718870,298571322,330719660,9999999
463,298570967,330718978,298571109,9999999
464,252528534,298922011,339039665,9999999
465,9552007042,3528139618,9552007043,9999999
466,1803896268,2318233350,1803896268,9999999
467,1342065100,10934580334,1342065100,9999999
468,298924096,298924177,298924168,9999999
469,285882243,280934925,280934913,9999999
470,369687556,369687560,2371678175,9999999
471,248681267,2312074608,248678326,9999999
472,372727145,1200136655,1200136395,9999999
473,322271653,1342065155,1342065118,9999999
474,8827032399,920272880,920272881,9999999
475,277730488,277730489,356949232,9999999
476,1179067024,248837258,252994752,9999999
477,305100947,305100927,314390746,9999999
478,304463088,560185228,252940228,9999999
479,253708552,262121285,262122459,9999999
480,257570659,1961914186,298922085,9999999
481,298920996,1339496425,260980639,9999999
482,304456782,391287244,391287248,9999999
483,394747230,400700288,332450606,9999999
484,246781223,246666011,246781215,9999999
485,1200136367,286413992,305088128,9999999
486,304462433,304462432,250903498,9999999
487,305100900,394747230,305100899,9999999
488,289942106,2295094056,248681277,9999999
489,306696126,376750215,306696126,9999999
490,391287247,391287245,304456783,9999999
491,1200136384,1200136612,1200136673,9999999
492,297378900,252528534,1187106397,9999999
493,1179066926,253281900,729745505,9999999
494,252528523,298921671,706162855,9999999
495,1957342745,305094070,305099823,9999999
496,157435929,394744156,157435929,9999999
497,303199225,260980545,303199237,9999999
498,394747230,305100899,400700288,9999999
499,9552007042,3528139618,9552007047,9999999
500,638460005,1092776278,410792700,9999999
501,248837257,264251858,248837257,9999999
502,305090117,303203448,299118451,9999999
503,246665999,246666016,246666011,9999999
504,1200136743,1200136655,1200136395,9999999
505,398677807,286413997,1617125307,9999999
506,304457443,304457632,304457443,9999999
507,1957360642,1957360641,958231014,9999999
508,1340314552,1340314548,1340314475,9999999
509,319981922,2390153653,1119847030,9999999
510,298920996,1339496425,2316535101,9999999
511,1340314552,1340314548,298573501,9999999
512,394744155,394744156,314388176,9999999
513,248837256,270302537,270302535,9999999
514,298923892,298923896,1340102511,9999999
515,1554560810,1812356469,1812356475,9999999
516,9552007047,9552007048,7141177521,9999999
517,298573944,298573943,252528339,9999999
518,305086290,395229033,305086290,9999999
519,286718211,286718201,1200136537,9999999
520,305087479,1235831240,305087479,9999999
521,309029899,309030060,298924185,9999999
522,277730489,373111598,277730890,9999999
523,305100899,332450606,332450603,9999999
524,320037539,319981206,1693079586,9999999
525,1812356468,1812356475,1812356469,9999999
526,248678326,2295094056,297384976,9999999
527,372717286,262121667,369688016,9999999
528,428214536,5208018203,428214536,9999999
529,1200136673,286718274,286718251,9999999
530,902586741,1812356436,1812356446,9999999
531,1236041282,304452861,304452858,9999999
532,1234739985,157454131,1617101308,9999999
533,1340594349,248837256,1693215089,9999999
534,1200136724,286718211,286718201,9999999
535,1693215089,248837256,1693215089,9999999
536,304150493,304150901,304150904,9999999
537,286718201,1200136335,286718192,9999999
538,1200136724,1200136537,303203192,9999999
539,400700292,305100900,400700292,9999999
540,1340594349,248837256,1340594312,9999999
541,1200136228,372727140,286718187,9999999
542,286718201,1200136335,286718201,9999999
543,1693215089,248837256,1340594312,9999999
544,305091891,314418749,305100422,9999999
545,13532437451,330718979,298571322,9999999
546,391287245,304456783,304456785,9999999
547,1236041282,304452861,250903503,9999999
548,1200136743,1200136655,1200136367,9999999
549,1803896310,2318233360,1803896310,9999999
550,1332881095,357694342,319981453,9999999
551,372717220,372717177,1236600876,9999999
552,4719281327,4719281333,302977423,9999999
553,428171143,252940196,304462433,9999999
554,298924989,10895705526,298921356,9999999
555,372782832,373834174,373834178,9999999
556,902586741,902586685,902586627,9999999
557,398680370,398804402,1125630088,9999999
558,400700288,332450606,305100899,9999999
559,320037586,2390153653,1119847030,9999999
560,319981922,2390153653,1119847011,9999999
561,252528523,298921671,672066098,9999999
562,1812356475,1812356477,1812356475,9999999
563,286718187,372727140,1200136655,9999999
564,373112557,356949232,373112567,9999999
565,356948345,356948357,356948359,9999999
566,372717177,319981453,319981615,9999999
567,253708636,252528544,304150466,9999999
568,253708636,252528544,391278628,9999999
569,262112504,2390161049,262112736,9999999
570,309029899,309030060,298923892,9999999
571,9552007047,9552007048,9552007043,9999999
572,319982281,319982233,257710522,9999999
573,252994740,253708638,391278629,9999999
574,356949232,373112567,306725814,9999999
575,1271941853,372717220,372717232,9999999
576,400700288,332450606,332450603,9999999
577,920281633,920272881,920281560,9999999
578,1641271277,1641271301,394739374,9999999
579,1236041358,304452858,304452861,9999999
580,305085972,305086290,395229033,9999999
581,305090261,395229032,395229033,9999999
582,356948345,356948357,356948345,9999999
