id_set,id_link
"colombo_exit",61039
"colombo_center", 64881
"atlantico",65292
"atlantico",65267
"eur_center",66570
"eur_center",61163
"eur_center",69609
"eur_center",64727
"eur_center",65980
"eur_center",66785
"eur_center",66827
"eur_center",66862
"eur_center",66912
"eur_center",67220
"eur_center",67561
"eur_center",69562
"eur_center",73504
"eur_center",60804
"eur_center",62865
"eur_center",64753
"eur_center",64866
"eur_center",64881
"eur_center",65201
"eur_center",62430
"eur_center",61232
"eur_center",61435
"eur_center",61071
"eur_center",61804
"eur_center",64635
"eur_center",64021
"eur_center",64040
"eur_center",64162
"eur_center",64353
"eur_center",64543
"eur_center",64374
"eur_center",64592
"eur_center",64594
"eur_center",64641
"eur_center",64642
"eur_center",64723
"eur_center",64722
"eur_center",64707
"eur_center",64728
"eur_center",65043
"eur_center",65292
"eur_center",66781
"eur_center",63513
"eur_center",65025
"eur_center",65106
"eur_center",65151
"eur_center",65159
"eur_center",64880
"eur_center",65017
"eur_center",64927
"eur_center",65163
"eur_center",66745
"eur_center",66756
"eur_center",66511
"eur_center",63574
"eur_center",64841
"eur_center",64873
"eur_center",64538
"eur_center",63500
"eur_center",64247
"eur_center",64274
"eur_center",64327
"eur_center",64792
"eur_center",64831
"eur_center",64851
"eur_center",64781
"eur_center",64397
"eur_center",63514
"eur_center",63537
"eur_center",63551
"eur_center",63562
"eur_center",63536
"eur_center",65093
"eur_center",65528
"eur_center",65783
"eur_center",65019
"eur_center",65050
"eur_center",65077
"eur_center",65265
"eur_center",65266
"eur_center",65375
"eur_center",65554
"eur_center",64895
"eur_center",64886
"eur_center",64941
"eur_center",64992
"eur_center",65147
"eur_center",65084
"eur_center",65012
"eur_center",65038
"eur_center",65281
"eur_center",65408
"eur_center",65378
"eur_center",65446
"eur_center",65524
"eur_center",65388
"eur_center",65981
"eur_center",65362
"eur_center",65729
"eur_center",66454
"eur_center",62230
"eur_center",62975
"eur_center",63087
"eur_center",62725
"eur_center",62489
"eur_center",62680
"eur_center",62775
"eur_center",62891
"eur_center",63047
"eur_center",63006
"eur_center",62938
"eur_center",61945
"eur_center",62558
"eur_center",62642
"eur_center",62592
"eur_center",62923
"eur_center",62897
"eur_center",61438
"eur_center",60701
"eur_center",61049
"eur_center",61086
"eur_center",61102
"eur_center",61059
"eur_center",62177
"eur_center",61846
"eur_center",62808
"eur_center",65538
"eur_center",66360
"eur_center",64324
"eur_center",64787
"eur_center",63357
"eur_center",64555
"eur_center",64305
"eur_center",64400
"eur_center",64371
"eur_center",64373
"eur_center",65750
"eur_center",66131
"eur_center",66728
"eur_center",66111
"eur_center",66417
"eur_center",66583
"eur_center",66269
"eur_center",66377
"eur_center",66575
"eur_center",66502
"eur_center",65130
"eur_center",65389
"eur_center",64933
"eur_center",66006
"eur_center",66007
"eur_center",65791
"eur_center",65300
"eur_center",66581
"eur_center",65916
"eur_center",66888
"eur_center",65928
"eur_center",66026
"eur_center",65917
"eur_center",63711
"eur_center",63703
"eur_center",63436
"eur_center",63642
"eur_center",63918
"eur_center",63475
"eur_center",64972
"eur_center",66515
"eur_center",66615
"eur_center",66600
"eur_center",66602
"eur_center",67216
"eur_center",68613
"eur_center",71672
"eur_center",71743
"eur_center",73483
"eur_center",74769
"eur_center",67084
"eur_center",69511
"eur_center",67396
"eur_center",69515
"eur_center",69727
"eur_center",71609
"eur_center",68278
"eur_center",69081
"eur_center",69333
"eur_center",69150
"eur_center",69208
"eur_center",69510
"eur_center",69404
"eur_center",69490
"eur_center",69593
"eur_center",69132
"eur_center",68274
"eur_center",67466
"eur_center",67690
"eur_center",71050
"eur_center",69733
"eur_center",71636
"eur_center",73215
"eur_center",71673
"eur_center",73465
"eur_center",74341
"eur_center",74522
"eur_center",74273
"eur_center",74134
"eur_center",74258
"eur_center",74090
"eur_center",74215
"eur_center",74811
"eur_center",73451
"eur_center",73655
"eur_center",74127
"eur_center",74146
"eur_center",74272
"eur_center",73015
"eur_center",73735
"eur_center",74089
"eur_center",73880
"eur_center",73888
"eur_center",73953
"eur_center",73886
"eur_center",73556
"eur_center",73635
"eur_center",73864
"eur_center",72923
"eur_center",73286
"eur_center",73415
"eur_center",72922
"eur_center",73193
"eur_center",73407
"eur_center",73409
"eur_center",73542
"eur_center",73328
"eur_center",73121
"eur_center",73360
"eur_center",73408
"eur_center",73345
"eur_center",73727
"eur_center",73790
"eur_center",73348
"eur_center",214336
"eur_center",74936
"eur_center",214316
"eur_center",68094
"eur_center",70032
"eur_center",70119
"eur_center",71616
"eur_center",71617
"eur_center",71912
"eur_center",72049
"eur_center",74620
"eur_center",68521
"eur_center",68523
"eur_center",68700
"eur_center",69282
"eur_center",69507
"eur_center",69522
"eur_center",69523
"eur_center",70436
"eur_center",67940
"eur_center",68172
"eur_center",68233
"eur_center",67639
"eur_center",67655
"eur_center",67657
"eur_center",67748
"eur_center",67849
"eur_center",68005
"eur_center",67795
"eur_center",67796
"eur_center",67928
"eur_center",67968
"eur_center",68355
"eur_center",68524
"eur_center",68354
"eur_center",68558
"eur_center",67666
"eur_center",69302
"eur_center",69406
"eur_center",67564
"eur_center",67626
"eur_center",67753
"eur_center",67139
"eur_center",67563
"eur_center",67837
"eur_center",68924
"eur_center",68992
"eur_center",69021
"eur_center",68991
"eur_center",69181
"eur_center",69444
"eur_center",69465
"eur_center",69718
"eur_center",69906
"eur_center",69868
"eur_center",70766
"eur_center",70301
"eur_center",70384
"eur_center",69640
"eur_center",69841
"eur_center",70235
"eur_center",69671
"eur_center",69723
"eur_center",69639
"eur_center",69694
"eur_center",69805
"eur_center",69737
"eur_center",69867
"eur_center",69920
"eur_center",69954
"eur_center",69889
"eur_center",69942
"eur_center",70026
"eur_center",70008
"eur_center",68439
"eur_center",69402
"eur_center",69632
"eur_center",69908
"eur_center",70650
"eur_center",70651
"eur_center",70951
"eur_center",70995
"eur_center",68161
"eur_center",68438
"eur_center",70732
"eur_center",70792
"eur_center",70885
"eur_center",71308
"eur_center",70326
"eur_center",70437
"eur_center",70325
"eur_center",70475
"eur_center",70527
"eur_center",70554
"eur_center",70528
"eur_center",70487
"eur_center",70534
"eur_center",70917
"eur_center",71354
"eur_center",71089
"eur_center",71605
"eur_center",70930
"eur_center",70739
"eur_center",74270
"eur_center",74777
"eur_center",74375
"eur_center",74324
"eur_center",74340
"eur_center",74699
"eur_center",74661
"eur_center",73854
"eur_center",74754
"eur_center",74877
"eur_center",73179
"eur_center",73454
"eur_center",73911
"eur_center",74716
"eur_center",73012
"eur_center",72036
"eur_center",73652
"eur_center",73853
"eur_center",73180
"eur_center",74559
"eur_center",74573
"eur_center",74537
"eur_center",74418
"eur_center",74415
"eur_center",218273
"eur_center",218272
"eur_center",74581
"eur_center",74740
"eur_center",74672
"eur_center",214626
"eur_center",214625
"eur_center",214301
"eur_center",217678
"eur_center",218274
"eur_center",218271
"eur_center",66876
"eur_center",69489
"eur_center",73209
"eur_center",74013
"eur_center",70523
"eur_center",69570
"eur_center",74829
"eur_center",65782
"eur_center",65960
"eur_center",66571
"eur_center",66784
"eur_center",66813
"eur_center",67136
"eur_center",65150
"eur_center",73446
"eur_center",214404
"eur_center",60766
"eur_center",61231
"eur_center",64822
"eur_center",65164
"eur_center",61214
"eur_center",61215
"eur_center",61183
"eur_center",61724
"eur_center",61828
"eur_center",61719
"eur_center",61720
"eur_center",62052
"eur_center",62003
"eur_center",62053
"eur_center",64041
"eur_center",64235
"eur_center",64421
"eur_center",64634
"eur_center",64022
"eur_center",64148
"eur_center",64509
"eur_center",65108
"eur_center",65267
"eur_center",66899
"eur_center",65104
"eur_center",65097
"eur_center",65026
"eur_center",66725
"eur_center",66755
"eur_center",65044
"eur_center",64732
"eur_center",64850
"eur_center",65092
"eur_center",64328
"eur_center",64567
"eur_center",64814
"eur_center",64809
"eur_center",65403
"eur_center",65755
"eur_center",64993
"eur_center",65146
"eur_center",65336
"eur_center",65363
"eur_center",65459
"eur_center",65064
"eur_center",65116
"eur_center",65065
"eur_center",65039
"eur_center",65148
"eur_center",65415
"eur_center",65460
"eur_center",65365
"eur_center",65531
"eur_center",65374
"eur_center",65404
"eur_center",65699
"eur_center",65673
"eur_center",64920
"eur_center",65368
"eur_center",62559
"eur_center",62890
"eur_center",62935
"eur_center",62972
"eur_center",62794
"eur_center",65358
"eur_center",62557
"eur_center",61575
"eur_center",62370
"eur_center",62500
"eur_center",62633
"eur_center",62949
"eur_center",62894
"eur_center",62627
"eur_center",62591
"eur_center",62907
"eur_center",60253
"eur_center",60996
"eur_center",61081
"eur_center",61172
"eur_center",61673
"eur_center",61031
"eur_center",61060
"eur_center",62221
"eur_center",61472
"eur_center",61829
"eur_center",61883
"eur_center",62156
"eur_center",62697
"eur_center",62622
"eur_center",63315
"eur_center",64788
"eur_center",64845
"eur_center",64934
"eur_center",65212
"eur_center",65749
"eur_center",66378
"eur_center",64270
"eur_center",64271
"eur_center",64322
"eur_center",64242
"eur_center",64323
"eur_center",64678
"eur_center",64493
"eur_center",64552
"eur_center",63370
"eur_center",63559
"eur_center",64245
"eur_center",64306
"eur_center",64330
"eur_center",64298
"eur_center",65169
"eur_center",64918
"eur_center",65534
"eur_center",66574
"eur_center",65080
"eur_center",65301
"eur_center",65772
"eur_center",65792
"eur_center",65508
"eur_center",65132
"eur_center",65083
"eur_center",65333
"eur_center",65357
"eur_center",65264
"eur_center",65263
"eur_center",66488
"eur_center",66777
"eur_center",66008
"eur_center",63691
"eur_center",63417
"eur_center",66993
"eur_center",66601
"eur_center",68581
"eur_center",71742
"eur_center",71880
"eur_center",73210
"eur_center",73365
"eur_center",67046
"eur_center",70863
"eur_center",69371
"eur_center",69776
"eur_center",71537
"eur_center",69149
"eur_center",67397
"eur_center",68300
"eur_center",69104
"eur_center",69441
"eur_center",69449
"eur_center",69249
"eur_center",69082
"eur_center",69248
"eur_center",69440
"eur_center",69491
"eur_center",69304
"eur_center",69184
"eur_center",69488
"eur_center",69707
"eur_center",69726
"eur_center",69792
"eur_center",71051
"eur_center",71607
"eur_center",71019
"eur_center",71564
"eur_center",71594
"eur_center",74185
"eur_center",67437
"eur_center",74787
"eur_center",74729
"eur_center",74180
"eur_center",74247
"eur_center",214326
"eur_center",73865
"eur_center",73887
"eur_center",73932
"eur_center",74014
"eur_center",73656
"eur_center",73789
"eur_center",72917
"eur_center",73511
"eur_center",214314
"eur_center",214317
"eur_center",73288
"eur_center",73414
"eur_center",73327
"eur_center",214333
"eur_center",73285
"eur_center",214337
"eur_center",214335
"eur_center",214332
"eur_center",74343
"eur_center",74721
"eur_center",75279
"eur_center",68024
"eur_center",69738
"eur_center",69755
"eur_center",71110
"eur_center",71939
"eur_center",74708
"eur_center",67969
"eur_center",68953
"eur_center",69508
"eur_center",69564
"eur_center",69610
"eur_center",67574
"eur_center",67803
"eur_center",68234
"eur_center",67219
"eur_center",67336
"eur_center",67337
"eur_center",67268
"eur_center",67200
"eur_center",67656
"eur_center",67747
"eur_center",67654
"eur_center",67715
"eur_center",67640
"eur_center",67918
"eur_center",69073
"eur_center",69175
"eur_center",67665
"eur_center",67213
"eur_center",70811
"eur_center",67754
"eur_center",68679
"eur_center",68854
"eur_center",68855
"eur_center",68580
"eur_center",68522
"eur_center",68534
"eur_center",68680
"eur_center",68993
"eur_center",69443
"eur_center",69182
"eur_center",69376
"eur_center",69377
"eur_center",69480
"eur_center",69481
"eur_center",69967
"eur_center",69907
"eur_center",70448
"eur_center",70300
"eur_center",70449
"eur_center",69648
"eur_center",69647
"eur_center",67117
"eur_center",68466
"eur_center",70677
"eur_center",70916
"eur_center",70929
"eur_center",68459
"eur_center",70304
"eur_center",70476
"eur_center",70259
"eur_center",70776
"eur_center",71259
"eur_center",69822
"eur_center",69936
"eur_center",70080
"eur_center",70234
"eur_center",69839
"eur_center",69840
"eur_center",70397
"eur_center",70539
"eur_center",70785
"eur_center",70622
"eur_center",71237
"eur_center",71307
"eur_center",218269
"eur_center",70950
"eur_center",71380
"eur_center",71116
"eur_center",71622
"eur_center",71644
"eur_center",70293
"eur_center",70882
"eur_center",69882
"eur_center",69881
"eur_center",69634
"eur_center",74243
"eur_center",74703
"eur_center",74335
"eur_center",74304
"eur_center",74596
"eur_center",74669
"eur_center",74670
"eur_center",74800
"eur_center",74801
"eur_center",74878
"eur_center",74879
"eur_center",74660
"eur_center",74794
"eur_center",73470
"eur_center",73471
"eur_center",73875
"eur_center",73876
"eur_center",74572
"eur_center",72192
"eur_center",72050
"eur_center",73653
"eur_center",73191
"eur_center",74582
"eur_center",218270
"eur_center",74739
"eur_center",75979
"eur_center",74578
"eur_center",74694
"eur_center",74695
"eur_center",74414
"eur_center",74632
"eur_center",74398
"eur_center",218277
"eur_center",218276
"eur_center",74713
"eur_center",74589
"eur_center",75081
"eur_center",74547
"eur_center",74671
"eur_center",214617
"eur_center",212801
"eur_center",212804
"eur_center",212806
"eur_center",212810
"eur_center",212813
"eur_center",212815
"eur_center",212818
"eur_center",212821
"eur_center",212824
"eur_center",214695
"eur_center",218275
"eur_center",218292
"eur_center",71149
"eur_center",56477
"eur_center",62398
"eur_center",62939
"eur_center",63111
"eur_center",63349
"eur_center",66209
"eur_center",66304
"eur_center",66339
"eur_center",66607
"eur_center",66630
"eur_center",66664
"eur_center",66719
"eur_center",66783
"eur_center",66826
"eur_center",66897
"eur_center",66898
"eur_center",66923
"eur_center",66933
"eur_center",71011
"eur_center",67746
"eur_center",69014
"eur_center",70756
"eur_center",71548
"eur_center",72451
"eur_center",74939
"eur_center",62408
"eur_center",62864
"eur_center",63007
"eur_center",63008
"eur_center",63389
"eur_center",64246
"eur_center",60667
"eur_center",61525
"eur_center",61526
"eur_center",61573
"eur_center",61754
"eur_center",61574
"eur_center",60638
"eur_center",61061
"eur_center",61303
"eur_center",61304
"eur_center",61427
"eur_center",61428
"eur_center",61486
"eur_center",61489
"eur_center",62137
"eur_center",62160
"eur_center",60541
"eur_center",61151
"eur_center",61125
"eur_center",61184
"eur_center",61152
"eur_center",61001
"eur_center",61121
"eur_center",61062
"eur_center",61124
"eur_center",62136
"eur_center",62409
"eur_center",61803
"eur_center",61827
"eur_center",61725
"eur_center",61927
"eur_center",62041
"eur_center",62042
"eur_center",62097
"eur_center",62120
"eur_center",62734
"eur_center",62756
"eur_center",62818
"eur_center",62690
"eur_center",62755
"eur_center",62691
"eur_center",62055
"eur_center",62234
"eur_center",62235
"eur_center",62431
"eur_center",62054
"eur_center",62686
"eur_center",62749
"eur_center",63048
"eur_center",63049
"eur_center",62399
"eur_center",62748
"eur_center",62863
"eur_center",63383
"eur_center",64147
"eur_center",64049
"eur_center",64234
"eur_center",64591
"eur_center",63943
"eur_center",64352
"eur_center",64590
"eur_center",64574
"eur_center",64626
"eur_center",64643
"eur_center",64721
"eur_center",65972
"eur_center",65107
"eur_center",65105
"eur_center",65103
"eur_center",65098
"eur_center",65141
"eur_center",66724
"eur_center",66746
"eur_center",66782
"eur_center",63519
"eur_center",63912
"eur_center",64471
"eur_center",64506
"eur_center",64563
"eur_center",64731
"eur_center",64867
"eur_center",64919
"eur_center",65155
"eur_center",63272
"eur_center",63388
"eur_center",63273
"eur_center",63575
"eur_center",63835
"eur_center",64143
"eur_center",64729
"eur_center",64730
"eur_center",64800
"eur_center",64793
"eur_center",64815
"eur_center",64470
"eur_center",64605
"eur_center",64537
"eur_center",64566
"eur_center",64684
"eur_center",63457
"eur_center",63518
"eur_center",63855
"eur_center",63499
"eur_center",63231
"eur_center",63456
"eur_center",63482
"eur_center",63483
"eur_center",63446
"eur_center",63447
"eur_center",64396
"eur_center",64398
"eur_center",65527
"eur_center",65738
"eur_center",65379
"eur_center",65555
"eur_center",64874
"eur_center",64928
"eur_center",65018
"eur_center",65118
"eur_center",65013
"eur_center",65409
"eur_center",65416
"eur_center",65700
"eur_center",65754
"eur_center",65182
"eur_center",65091
"eur_center",65569
"eur_center",66141
"eur_center",65961
"eur_center",65982
"eur_center",65884
"eur_center",66714
"eur_center",65072
"eur_center",65157
"eur_center",65322
"eur_center",65251
"eur_center",60762
"eur_center",61946
"eur_center",62984
"eur_center",63002
"eur_center",63153
"eur_center",64456
"eur_center",64621
"eur_center",64885
"eur_center",60763
"eur_center",60886
"eur_center",61277
"eur_center",61696
"eur_center",61929
"eur_center",63097
"eur_center",61067
"eur_center",61278
"eur_center",62368
"eur_center",62716
"eur_center",61576
"eur_center",61655
"eur_center",62598
"eur_center",62369
"eur_center",62434
"eur_center",62656
"eur_center",62657
"eur_center",62679
"eur_center",62597
"eur_center",62556
"eur_center",62843
"eur_center",62948
"eur_center",62715
"eur_center",62774
"eur_center",62844
"eur_center",62793
"eur_center",62947
"eur_center",62950
"eur_center",62998
"eur_center",63098
"eur_center",62893
"eur_center",62997
"eur_center",61823
"eur_center",61591
"eur_center",61822
"eur_center",62539
"eur_center",63107
"eur_center",62908
"eur_center",63003
"eur_center",61644
"eur_center",62960
"eur_center",62959
"eur_center",61674
"eur_center",63904
"eur_center",64556
"eur_center",64572
"eur_center",64573
"eur_center",64770
"eur_center",64828
"eur_center",64844
"eur_center",66234
"eur_center",63544
"eur_center",63739
"eur_center",63903
"eur_center",64243
"eur_center",64769
"eur_center",63444
"eur_center",63350
"eur_center",63263
"eur_center",63300
"eur_center",63398
"eur_center",63738
"eur_center",64301
"eur_center",63958
"eur_center",63733
"eur_center",64485
"eur_center",63256
"eur_center",64244
"eur_center",64284
"eur_center",64464
"eur_center",64554
"eur_center",64432
"eur_center",65213
"eur_center",65638
"eur_center",65653
"eur_center",65883
"eur_center",65154
"eur_center",64904
"eur_center",64903
"eur_center",65153
"eur_center",65529
"eur_center",65530
"eur_center",65639
"eur_center",66114
"eur_center",66210
"eur_center",66132
"eur_center",66727
"eur_center",65955
"eur_center",65954
"eur_center",66133
"eur_center",66110
"eur_center",66235
"eur_center",66584
"eur_center",65867
"eur_center",65131
"eur_center",65005
"eur_center",65081
"eur_center",65507
"eur_center",66375
"eur_center",66487
"eur_center",66623
"eur_center",66359
"eur_center",66622
"eur_center",66582
"eur_center",66913
"eur_center",66877
"eur_center",66786
"eur_center",66889
"eur_center",64491
"eur_center",64597
"eur_center",64620
"eur_center",65371
"eur_center",63722
"eur_center",63735
"eur_center",63886
"eur_center",63917
"eur_center",63210
"eur_center",63736
"eur_center",63641
"eur_center",64423
"eur_center",64492
"eur_center",64989
"eur_center",65424
"eur_center",65556
"eur_center",65042
"eur_center",64971
"eur_center",65120
"eur_center",65372
"eur_center",66340
"eur_center",66455
"eur_center",66701
"eur_center",66520
"eur_center",68485
"eur_center",70971
"eur_center",71333
"eur_center",71404
"eur_center",71608
"eur_center",71671
"eur_center",73135
"eur_center",67125
"eur_center",67855
"eur_center",68484
"eur_center",68582
"eur_center",70109
"eur_center",70680
"eur_center",67689
"eur_center",69492
"eur_center",69557
"eur_center",69563
"eur_center",69602
"eur_center",69603
"eur_center",69734
"eur_center",69870
"eur_center",67922
"eur_center",68277
"eur_center",68301
"eur_center",67088
"eur_center",67089
"eur_center",67921
"eur_center",67066
"eur_center",67376
"eur_center",68918
"eur_center",69148
"eur_center",69403
"eur_center",68330
"eur_center",69188
"eur_center",69187
"eur_center",67560
"eur_center",68402
"eur_center",69052
"eur_center",69051
"eur_center",69015
"eur_center",70345
"eur_center",71172
"eur_center",70393
"eur_center",70862
"eur_center",69775
"eur_center",69793
"eur_center",71538
"eur_center",70167
"eur_center",70721
"eur_center",70770
"eur_center",70828
"eur_center",69715
"eur_center",70082
"eur_center",70118
"eur_center",70168
"eur_center",69714
"eur_center",70081
"eur_center",70117
"eur_center",70363
"eur_center",70407
"eur_center",70467
"eur_center",70317
"eur_center",70584
"eur_center",71356
"eur_center",71405
"eur_center",71431
"eur_center",71656
"eur_center",70962
"eur_center",70969
"eur_center",71148
"eur_center",71173
"eur_center",70940
"eur_center",70961
"eur_center",70939
"eur_center",71206
"eur_center",71406
"eur_center",71357
"eur_center",71563
"eur_center",71593
"eur_center",71670
"eur_center",71562
"eur_center",70970
"eur_center",71652
"eur_center",71653
"eur_center",74176
"eur_center",74257
"eur_center",72238
"eur_center",72239
"eur_center",73547
"eur_center",73620
"eur_center",73621
"eur_center",73466
"eur_center",73366
"eur_center",74214
"eur_center",74091
"eur_center",74342
"eur_center",73016
"eur_center",73260
"eur_center",73523
"eur_center",73733
"eur_center",73954
"eur_center",73486
"eur_center",72854
"eur_center",72032
"eur_center",72394
"eur_center",72855
"eur_center",72688
"eur_center",72689
"eur_center",72511
"eur_center",74768
"eur_center",67050
"eur_center",68156
"eur_center",71074
"eur_center",71306
"eur_center",71466
"eur_center",71701
"eur_center",71785
"eur_center",71920
"eur_center",71961
"eur_center",71972
"eur_center",71973
"eur_center",72235
"eur_center",67271
"eur_center",68990
"eur_center",69405
"eur_center",69460
"eur_center",69538
"eur_center",69772
"eur_center",70140
"eur_center",70202
"eur_center",68173
"eur_center",67573
"eur_center",67201
"eur_center",67939
"eur_center",68004
"eur_center",67804
"eur_center",67272
"eur_center",69283
"eur_center",67519
"eur_center",68095
"eur_center",68183
"eur_center",68324
"eur_center",67230
"eur_center",67324
"eur_center",67087
"eur_center",67280
"eur_center",67828
"eur_center",67767
"eur_center",67768
"eur_center",67436
"eur_center",67520
"eur_center",67140
"eur_center",67838
"eur_center",69176
"eur_center",69074
"eur_center",69303
"eur_center",69966
"eur_center",70110
"eur_center",70203
"eur_center",70342
"eur_center",71467
"eur_center",69656
"eur_center",69890
"eur_center",69941
"eur_center",69717
"eur_center",69657
"eur_center",69891
"eur_center",69773
"eur_center",70042
"eur_center",70043
"eur_center",70141
"eur_center",71010
"eur_center",71384
"eur_center",71344
"eur_center",71222
"eur_center",71223
"eur_center",71424
"eur_center",71919
"eur_center",71700
"eur_center",71784
"eur_center",71768
"eur_center",70522
"eur_center",70852
"eur_center",71158
"eur_center",69806
"eur_center",69888
"eur_center",69921
"eur_center",69955
"eur_center",70724
"eur_center",70740
"eur_center",70031
"eur_center",70702
"eur_center",70725
"eur_center",70741
"eur_center",70765
"eur_center",70810
"eur_center",71109
"eur_center",71355
"eur_center",71374
"eur_center",71420
"eur_center",67116
"eur_center",68285
"eur_center",68896
"eur_center",68155
"eur_center",68140
"eur_center",67478
"eur_center",68177
"eur_center",67078
"eur_center",67282
"eur_center",68736
"eur_center",67135
"eur_center",67118
"eur_center",69823
"eur_center",70621
"eur_center",70791
"eur_center",70733
"eur_center",70015
"eur_center",70540
"eur_center",71075
"eur_center",71258
"eur_center",69633
"eur_center",72078
"eur_center",73810
"eur_center",72135
"eur_center",72673
"eur_center",72783
"eur_center",72849
"eur_center",73010
"eur_center",73011
"eur_center",72136
"eur_center",72848
"eur_center",72347
"eur_center",72431
"eur_center",72348
"eur_center",72672
"eur_center",73126
"eur_center",73125
"eur_center",73576
"eur_center",73648
"eur_center",72079
"eur_center",74374
"eur_center",74334
"eur_center",74698
"eur_center",74591
"eur_center",74828
"eur_center",74796
"eur_center",72829
"eur_center",72753
"eur_center",72792
"eur_center",212798
"eur_center",214837
"eur_center",215292
"eur_center",215293
"eur_center",215295
"eur_center",215296
"eur_center",215297
"eur_center",215300
"eur_center",215301
"eur_center",215302
"eur_center",215303
"eur_center",215305
"eur_center",216506
"eur_center",217791
"eur_center",-71149
"eur_center",-56477
"eur_center",-62398
"eur_center",-62939
"eur_center",-63111
"eur_center",-63349
"eur_center",-66209
"eur_center",-66304
"eur_center",-66339
"eur_center",-66607
"eur_center",-66630
"eur_center",-66664
"eur_center",-66719
"eur_center",-66783
"eur_center",-66826
"eur_center",-66897
"eur_center",-66898
"eur_center",-66923
"eur_center",-66933
"eur_center",-71011
"eur_center",-67746
"eur_center",-69014
"eur_center",-70756
"eur_center",-71548
"eur_center",-72451
"eur_center",-74939
"eur_center",-62408
"eur_center",-62864
"eur_center",-63007
"eur_center",-63008
"eur_center",-63389
"eur_center",-64246
"eur_center",-60667
"eur_center",-61525
"eur_center",-61526
"eur_center",-61573
"eur_center",-61754
"eur_center",-61574
"eur_center",-60638
"eur_center",-61061
"eur_center",-61303
"eur_center",-61304
"eur_center",-61427
"eur_center",-61428
"eur_center",-61486
"eur_center",-61489
"eur_center",-62137
"eur_center",-62160
"eur_center",-60541
"eur_center",-61151
"eur_center",-61125
"eur_center",-61184
"eur_center",-61152
"eur_center",-61001
"eur_center",-61121
"eur_center",-61062
"eur_center",-61124
"eur_center",-62136
"eur_center",-62409
"eur_center",-61803
"eur_center",-61827
"eur_center",-61725
"eur_center",-61927
"eur_center",-62041
"eur_center",-62042
"eur_center",-62097
"eur_center",-62120
"eur_center",-62734
"eur_center",-62756
"eur_center",-62818
"eur_center",-62690
"eur_center",-62755
"eur_center",-62691
"eur_center",-62055
"eur_center",-62234
"eur_center",-62235
"eur_center",-62431
"eur_center",-62054
"eur_center",-62686
"eur_center",-62749
"eur_center",-63048
"eur_center",-63049
"eur_center",-62399
"eur_center",-62748
"eur_center",-62863
"eur_center",-63383
"eur_center",-64147
"eur_center",-64049
"eur_center",-64234
"eur_center",-64591
"eur_center",-63943
"eur_center",-64352
"eur_center",-64590
"eur_center",-64574
"eur_center",-64626
"eur_center",-64643
"eur_center",-64721
"eur_center",-65972
"eur_center",-65107
"eur_center",-65105
"eur_center",-65103
"eur_center",-65098
"eur_center",-65141
"eur_center",-66724
"eur_center",-66746
"eur_center",-66782
"eur_center",-63519
"eur_center",-63912
"eur_center",-64471
"eur_center",-64506
"eur_center",-64563
"eur_center",-64731
"eur_center",-64867
"eur_center",-64919
"eur_center",-65155
"eur_center",-63272
"eur_center",-63388
"eur_center",-63273
"eur_center",-63575
"eur_center",-63835
"eur_center",-64143
"eur_center",-64729
"eur_center",-64730
"eur_center",-64800
"eur_center",-64793
"eur_center",-64815
"eur_center",-64470
"eur_center",-64605
"eur_center",-64537
"eur_center",-64566
"eur_center",-64684
"eur_center",-63457
"eur_center",-63518
"eur_center",-63855
"eur_center",-63499
"eur_center",-63231
"eur_center",-63456
"eur_center",-63482
"eur_center",-63483
"eur_center",-63446
"eur_center",-63447
"eur_center",-64396
"eur_center",-64398
"eur_center",-65527
"eur_center",-65738
"eur_center",-65379
"eur_center",-65555
"eur_center",-64874
"eur_center",-64928
"eur_center",-65018
"eur_center",-65118
"eur_center",-65013
"eur_center",-65409
"eur_center",-65416
"eur_center",-65700
"eur_center",-65754
"eur_center",-65182
"eur_center",-65091
"eur_center",-65569
"eur_center",-66141
"eur_center",-65961
"eur_center",-65982
"eur_center",-65884
"eur_center",-66714
"eur_center",-65072
"eur_center",-65157
"eur_center",-65322
"eur_center",-65251
"eur_center",-60762
"eur_center",-61946
"eur_center",-62984
"eur_center",-63002
"eur_center",-63153
"eur_center",-64456
"eur_center",-64621
"eur_center",-64885
"eur_center",-60763
"eur_center",-60886
"eur_center",-61277
"eur_center",-61696
"eur_center",-61929
"eur_center",-63097
"eur_center",-61067
"eur_center",-61278
"eur_center",-62368
"eur_center",-62716
"eur_center",-61576
"eur_center",-61655
"eur_center",-62598
"eur_center",-62369
"eur_center",-62434
"eur_center",-62656
"eur_center",-62657
"eur_center",-62679
"eur_center",-62597
"eur_center",-62556
"eur_center",-62843
"eur_center",-62948
"eur_center",-62715
"eur_center",-62774
"eur_center",-62844
"eur_center",-62793
"eur_center",-62947
"eur_center",-62950
"eur_center",-62998
"eur_center",-63098
"eur_center",-62893
"eur_center",-62997
"eur_center",-61823
"eur_center",-61591
"eur_center",-61822
"eur_center",-62539
"eur_center",-63107
"eur_center",-62908
"eur_center",-63003
"eur_center",-61644
"eur_center",-62960
"eur_center",-62959
"eur_center",-61674
"eur_center",-63904
"eur_center",-64556
"eur_center",-64572
"eur_center",-64573
"eur_center",-64770
"eur_center",-64828
"eur_center",-64844
"eur_center",-66234
"eur_center",-63544
"eur_center",-63739
"eur_center",-63903
"eur_center",-64243
"eur_center",-64769
"eur_center",-63444
"eur_center",-63350
"eur_center",-63263
"eur_center",-63300
"eur_center",-63398
"eur_center",-63738
"eur_center",-64301
"eur_center",-63958
"eur_center",-63733
"eur_center",-64485
"eur_center",-63256
"eur_center",-64244
"eur_center",-64284
"eur_center",-64464
"eur_center",-64554
"eur_center",-64432
"eur_center",-65213
"eur_center",-65638
"eur_center",-65653
"eur_center",-65883
"eur_center",-65154
"eur_center",-64904
"eur_center",-64903
"eur_center",-65153
"eur_center",-65529
"eur_center",-65530
"eur_center",-65639
"eur_center",-66114
"eur_center",-66210
"eur_center",-66132
"eur_center",-66727
"eur_center",-65955
"eur_center",-65954
"eur_center",-66133
"eur_center",-66110
"eur_center",-66235
"eur_center",-66584
"eur_center",-65867
"eur_center",-65131
"eur_center",-65005
"eur_center",-65081
"eur_center",-65507
"eur_center",-66375
"eur_center",-66487
"eur_center",-66623
"eur_center",-66359
"eur_center",-66622
"eur_center",-66582
"eur_center",-66913
"eur_center",-66877
"eur_center",-66786
"eur_center",-66889
"eur_center",-64491
"eur_center",-64597
"eur_center",-64620
"eur_center",-65371
"eur_center",-63722
"eur_center",-63735
"eur_center",-63886
"eur_center",-63917
"eur_center",-63210
"eur_center",-63736
"eur_center",-63641
"eur_center",-64423
"eur_center",-64492
"eur_center",-64989
"eur_center",-65424
"eur_center",-65556
"eur_center",-65042
"eur_center",-64971
"eur_center",-65120
"eur_center",-65372
"eur_center",-66340
"eur_center",-66455
"eur_center",-66701
"eur_center",-66520
"eur_center",-68485
"eur_center",-70971
"eur_center",-71333
"eur_center",-71404
"eur_center",-71608
"eur_center",-71671
"eur_center",-73135
"eur_center",-67125
"eur_center",-67855
"eur_center",-68484
"eur_center",-68582
"eur_center",-70109
"eur_center",-70680
"eur_center",-67689
"eur_center",-69492
"eur_center",-69557
"eur_center",-69563
"eur_center",-69602
"eur_center",-69603
"eur_center",-69734
"eur_center",-69870
"eur_center",-67922
"eur_center",-68277
"eur_center",-68301
"eur_center",-67088
"eur_center",-67089
"eur_center",-67921
"eur_center",-67066
"eur_center",-67376
"eur_center",-68918
"eur_center",-69148
"eur_center",-69403
"eur_center",-68330
"eur_center",-69188
"eur_center",-69187
"eur_center",-67560
"eur_center",-68402
"eur_center",-69052
"eur_center",-69051
"eur_center",-69015
"eur_center",-70345
"eur_center",-71172
"eur_center",-70393
"eur_center",-70862
"eur_center",-69775
"eur_center",-69793
"eur_center",-71538
"eur_center",-70167
"eur_center",-70721
"eur_center",-70770
"eur_center",-70828
"eur_center",-69715
"eur_center",-70082
"eur_center",-70118
"eur_center",-70168
"eur_center",-69714
"eur_center",-70081
"eur_center",-70117
"eur_center",-70363
"eur_center",-70407
"eur_center",-70467
"eur_center",-70317
"eur_center",-70584
"eur_center",-71356
"eur_center",-71405
"eur_center",-71431
"eur_center",-71656
"eur_center",-70962
"eur_center",-70969
"eur_center",-71148
"eur_center",-71173
"eur_center",-70940
"eur_center",-70961
"eur_center",-70939
"eur_center",-71206
"eur_center",-71406
"eur_center",-71357
"eur_center",-71563
"eur_center",-71593
"eur_center",-71670
"eur_center",-71562
"eur_center",-70970
"eur_center",-71652
"eur_center",-71653
"eur_center",-74176
"eur_center",-74257
"eur_center",-72238
"eur_center",-72239
"eur_center",-73547
"eur_center",-73620
"eur_center",-73621
"eur_center",-73466
"eur_center",-73366
"eur_center",-74214
"eur_center",-74091
"eur_center",-74342
"eur_center",-73016
"eur_center",-73260
"eur_center",-73523
"eur_center",-73733
"eur_center",-73954
"eur_center",-73486
"eur_center",-72854
"eur_center",-72032
"eur_center",-72394
"eur_center",-72855
"eur_center",-72688
"eur_center",-72689
"eur_center",-72511
"eur_center",-74768
"eur_center",-67050
"eur_center",-68156
"eur_center",-71074
"eur_center",-71306
"eur_center",-71466
"eur_center",-71701
"eur_center",-71785
"eur_center",-71920
"eur_center",-71961
"eur_center",-71972
"eur_center",-71973
"eur_center",-72235
"eur_center",-67271
"eur_center",-68990
"eur_center",-69405
"eur_center",-69460
"eur_center",-69538
"eur_center",-69772
"eur_center",-70140
"eur_center",-70202
"eur_center",-68173
"eur_center",-67573
"eur_center",-67201
"eur_center",-67939
"eur_center",-68004
"eur_center",-67804
"eur_center",-67272
"eur_center",-69283
"eur_center",-67519
"eur_center",-68095
"eur_center",-68183
"eur_center",-68324
"eur_center",-67230
"eur_center",-67324
"eur_center",-67087
"eur_center",-67280
"eur_center",-67828
"eur_center",-67767
"eur_center",-67768
"eur_center",-67436
"eur_center",-67520
"eur_center",-67140
"eur_center",-67838
"eur_center",-69176
"eur_center",-69074
"eur_center",-69303
"eur_center",-69966
"eur_center",-70110
"eur_center",-70203
"eur_center",-70342
"eur_center",-71467
"eur_center",-69656
"eur_center",-69890
"eur_center",-69941
"eur_center",-69717
"eur_center",-69657
"eur_center",-69891
"eur_center",-69773
"eur_center",-70042
"eur_center",-70043
"eur_center",-70141
"eur_center",-71010
"eur_center",-71384
"eur_center",-71344
"eur_center",-71222
"eur_center",-71223
"eur_center",-71424
"eur_center",-71919
"eur_center",-71700
"eur_center",-71784
"eur_center",-71768
"eur_center",-70522
"eur_center",-70852
"eur_center",-71158
"eur_center",-69806
"eur_center",-69888
"eur_center",-69921
"eur_center",-69955
"eur_center",-70724
"eur_center",-70740
"eur_center",-70031
"eur_center",-70702
"eur_center",-70725
"eur_center",-70741
"eur_center",-70765
"eur_center",-70810
"eur_center",-71109
"eur_center",-71355
"eur_center",-71374
"eur_center",-71420
"eur_center",-67116
"eur_center",-68285
"eur_center",-68896
"eur_center",-68155
"eur_center",-68140
"eur_center",-67478
"eur_center",-68177
"eur_center",-67078
"eur_center",-67282
"eur_center",-68736
"eur_center",-67135
"eur_center",-67118
"eur_center",-69823
"eur_center",-70621
"eur_center",-70791
"eur_center",-70733
"eur_center",-70015
"eur_center",-70540
"eur_center",-71075
"eur_center",-71258
"eur_center",-69633
"eur_center",-72078
"eur_center",-73810
"eur_center",-72135
"eur_center",-72673
"eur_center",-72783
"eur_center",-72849
"eur_center",-73010
"eur_center",-73011
"eur_center",-72136
"eur_center",-72848
"eur_center",-72347
"eur_center",-72431
"eur_center",-72348
"eur_center",-72672
"eur_center",-73126
"eur_center",-73125
"eur_center",-73576
"eur_center",-73648
"eur_center",-72079
"eur_center",-74374
"eur_center",-74334
"eur_center",-74698
"eur_center",-74591
"eur_center",-74828
"eur_center",-74796
"eur_center",-72829
"eur_center",-72753
"eur_center",-72792
"eur_center",-212798
"eur_center",-214837
"eur_center",-215292
"eur_center",-215293
"eur_center",-215295
"eur_center",-215296
"eur_center",-215297
"eur_center",-215300
"eur_center",-215301
"eur_center",-215302
"eur_center",-215303
"eur_center",-215305
"eur_center",-216506
"eur_center",-217791
"gra",59543
"gra",48184
"gra",46640
"gra",47418
"gra",47945
"gra",49685
"gra",48384
"gra",48929
"gra",49700
"gra",48369
"gra",48939
"gra",48807
"gra",55946
"gra",54556
"gra",55661
"gra",57716
"gra",56982
"gra",58372
"gra",58209
"gra",58174
"gra",59459
"gra",76541
"gra",63706
"gra",61928
"gra",61161
"gra",60204
"gra",71952
"gra",71720
"gra",73979
"gra",72955
"gra",72571
"gra",72914
"gra",73781
"gra",75346
"gra",63039
"gra",59549
"gra",48229
"gra",46650
"gra",47976
"gra",47933
"gra",50496
"gra",49701
"gra",55950
"gra",54563
"gra",57711
"gra",58380
"gra",58213
"gra",58179
"gra",59468
"gra",76488
"gra",63626
"gra",61103
"gra",61937
"gra",60219
"gra",74032
"gra",72975
"gra",72583
"gra",73798
"gra",75389
"gra",77873
