id,cycle,phases
1,150,"[{""from_link"": 67849, ""to_link"": 67939, ""t_start"": 0, ""t_end"": 99, ""type"": ""straight""}, {""from_link"": 67849, ""to_link"": 67940, ""t_start"": 0, ""t_end"": 99, ""type"": ""straight""}, {""from_link"": 67803, ""to_link"": -67573, ""t_start"": 0, ""t_end"": 99, ""type"": ""straight""}, {""from_link"": 67803, ""to_link"": 67715, ""t_start"": 0, ""t_end"": 99, ""type"": ""straight""}, {""from_link"": -67939, ""to_link"": 67940, ""t_start"": 51, ""t_end"": 0, ""type"": ""straight""}, {""from_link"": -67939, ""to_link"": 67715, ""via_link"": -67804, ""t_start"": 51, ""t_end"": 0, ""type"": ""straight""}, {""from_link"": -67939, ""to_link"": -67573, ""via_link"": -67804, ""t_start"": 51, ""t_end"": 0, ""type"": ""straight""}, {""from_link"": 67573, ""to_link"": 67715, ""t_start"": 51, ""t_end"": 0, ""type"": ""straight""}, {""from_link"": 67573, ""to_link"": 67940, ""via_link"": 67804, ""t_start"": 51, ""t_end"": 0, ""type"": ""straight""}, {""from_link"": 67573, ""to_link"": 67939, ""via_link"": 67804, ""t_start"": 51, ""t_end"": 0, ""type"": ""straight""}]"
2,150,"[{""from_link"": 69021, ""to_link"": 69405, ""t_start"": 0, ""t_end"": 75, ""type"": ""straight""}, {""from_link"": 69021, ""to_link"": 69406, ""t_start"": 0, ""t_end"": 75, ""type"": ""straight""}, {""from_link"": 68992, ""to_link"": 69302, ""t_start"": 0, ""t_end"": 75, ""type"": ""straight""}, {""from_link"": 69175, ""to_link"": 68854, ""t_start"": 0, ""t_end"": 75, ""type"": ""straight""}, {""from_link"": 69073, ""to_link"": 68679, ""t_start"": 0, ""t_end"": 75, ""type"": ""straight""}, {""from_link"": 69073, ""to_link"": -68324, ""t_start"": 0, ""t_end"": 75, ""type"": ""straight""}, {""from_link"": -69405, ""to_link"": 69406, ""t_start"": 75, ""t_end"": 75, ""type"": ""straight""}, {""from_link"": -69405, ""to_link"": 69302, ""via_link"": -69303, ""t_start"": 75, ""t_end"": 0, ""type"": ""straight""}, {""from_link"": -69405, ""to_link"": -68324, ""via_link"": -207553, ""t_start"": 75, ""t_end"": 0, ""type"": ""straight""}, {""from_link"": -69405, ""to_link"": 68679, ""via_link"": -207553, ""t_start"": 75, ""t_end"": 0, ""type"": ""straight""}, {""from_link"": -69405, ""to_link"": 68854, ""via_link"": -138479, ""t_start"": 75, ""t_end"": 0, ""type"": ""straight""}, {""from_link"": 68324, ""to_link"": 68679, ""t_start"": 75, ""t_end"": 0, ""type"": ""straight""}, {""from_link"": 68324, ""to_link"": 68854, ""via_link"": 69074, ""t_start"": 75, ""t_end"": 0, ""type"": ""straight""}, {""from_link"": 68324, ""to_link"": 69302, ""via_link"": 69074, ""t_start"": 75, ""t_end"": 0, ""type"": ""straight""}, {""from_link"": 68324, ""to_link"": 69406, ""via_link"": 69074, ""t_start"": 75, ""t_end"": 0, ""type"": ""straight""}, {""from_link"": 68324, ""to_link"": 69405, ""via_link"": 69074, ""t_start"": 75, ""t_end"": 0, ""type"": ""straight""}]"
3,150,"[{""from_link"": 69302, ""to_link"": 69640, ""via_link"": 69609, ""t_start"": 0, ""t_end"": 75, ""type"": ""straight""}, {""from_link"": 69443, ""to_link"": 69182, ""via_link"": 69377, ""t_start"": 0, ""t_end"": 75, ""type"": ""straight""}, {""from_link"": 69508, ""to_link"": 69175, ""via_link"": 69481, ""t_start"": 0, ""t_end"": 75, ""type"": ""straight""}, {""from_link"": 69443, ""to_link"": 69640, ""via_link"": 69444, ""t_start"": 75, ""t_end"": 0, ""type"": ""straight""}, {""from_link"": 69443, ""to_link"": 69723, ""via_link"": 69444, ""t_start"": 75, ""t_end"": 0, ""type"": ""straight""}, {""from_link"": 69523, ""to_link"": 69175, ""via_link"": 69648, ""t_start"": 75, ""t_end"": 0, ""type"": ""straight""}, {""from_link"": 69523, ""to_link"": 69182, ""via_link"": 69648, ""t_start"": 75, ""t_end"": 0, ""type"": ""straight""}]"
4,150,"[{""from_link"": 67940, ""to_link"": 68354, ""t_start"": 0, ""t_end"": 99, ""type"": ""straight""}, {""from_link"": 67940, ""to_link"": 68355, ""t_start"": 0, ""t_end"": 99, ""type"": ""straight""}, {""from_link"": 68234, ""to_link"": 67803, ""t_start"": 0, ""t_end"": 99, ""type"": ""straight""}, {""from_link"": 67968, ""to_link"": 67803, ""t_start"": 51, ""t_end"": 0, ""type"": ""straight""}, {""from_link"": 67968, ""to_link"": 68355, ""via_link"": 68233, ""t_start"": 51, ""t_end"": 0, ""type"": ""straight""}, {""from_link"": 67968, ""to_link"": 68354, ""via_link"": 68233, ""t_start"": 51, ""t_end"": 0, ""type"": ""straight""}]"
5,150,"[{""from_link"": 67336, ""to_link"": 65782, ""t_start"": 0, ""t_end"": 109, ""type"": ""straight""}, {""from_link"": 67336, ""to_link"": -67201, ""t_start"": 0, ""t_end"": 109, ""type"": ""straight""}, {""from_link"": 67336, ""to_link"": -67201, ""t_start"": 41, ""t_end"": 0, ""type"": ""straight""}, {""from_link"": 67657, ""to_link"": 65782, ""t_start"": 41, ""t_end"": 0, ""type"": ""straight""}, {""from_link"": 66719, ""to_link"": 67628, ""via_link"": 67201, ""t_start"": 41, ""t_end"": 0, ""type"": ""straight""}]"
6,150,"[{""from_link"": 65528, ""to_link"": 66826, ""t_start"": 0, ""t_end"": 101, ""type"": ""straight""}, {""from_link"": 65528, ""to_link"": 66827, ""t_start"": 0, ""t_end"": 101, ""type"": ""straight""}, {""from_link"": 65528, ""to_link"": -66714, ""t_start"": 0, ""t_end"": 101, ""type"": ""straight""}, {""from_link"": -66826, ""to_link"": 66827, ""t_start"": 49, ""t_end"": 0, ""type"": ""straight""}, {""from_link"": -66826, ""to_link"": -66714, ""t_start"": 49, ""t_end"": 0, ""type"": ""straight""}, {""from_link"": 66714, ""to_link"": 66827, ""t_start"": 49, ""t_end"": 0, ""type"": ""straight""}, {""from_link"": 66714, ""to_link"": 66826, ""t_start"": 49, ""t_end"": 0, ""type"": ""straight""}]"
7,150,"[{""from_link"": 64411, ""to_link"": 64543, ""via_link"": 64452, ""t_start"": 0, ""t_end"": 72, ""type"": ""straight""}, {""from_link"": 64421, ""to_link"": 64300, ""via_link"": 64333, ""t_start"": 0, ""t_end"": 72, ""type"": ""straight""}, {""from_link"": 64219, ""to_link"": 64543, ""via_link"": 64332, ""t_start"": 0, ""t_end"": 35, ""type"": ""straight""}, {""from_link"": 64219, ""to_link"": 64451, ""via_link"": 64332, ""t_start"": 0, ""t_end"": 35, ""type"": ""straight""}, {""from_link"": 64542, ""to_link"": 64236, ""via_link"": 64422, ""t_start"": 0, ""t_end"": 43, ""type"": ""straight""}, {""from_link"": 64542, ""to_link"": 64300, ""via_link"": 64422, ""t_start"": 0, ""t_end"": 43, ""type"": ""straight""}]"
8,90,"[{""from_link"": 74695, ""to_link"": 74713, ""t_start"": 0, ""t_end"": 50, ""type"": ""straight""}, {""from_link"": 74879, ""to_link"": 74829, ""t_start"": 62, ""t_end"": 0, ""type"": ""straight""}, {""from_link"": 74879, ""to_link"": 74947, ""via_link"": 74877, ""t_start"": 62, ""t_end"": 0, ""type"": ""straight""}, {""from_link"": 74909, ""to_link"": 74947, ""t_start"": 0, ""t_end"": 62, ""type"": ""straight""}, {""from_link"": 74878, ""to_link"": 74829, ""t_start"": 0, ""t_end"": 62, ""type"": ""straight""}]"
9,80,"[{""from_link"": 70791, ""to_link"": 71237, ""t_start"": 0, ""t_end"": 40, ""type"": ""straight""}, {""from_link"": 70791, ""to_link"": 71306, ""via_link"": 71258, ""t_start"": 0, ""t_end"": 40, ""type"": ""straight""}, {""from_link"": 70791, ""to_link"": 71308, ""via_link"": 71258, ""t_start"": 0, ""t_end"": 40, ""type"": ""straight""}, {""from_link"": -71306, ""to_link"": 71308, ""t_start"": 0, ""t_end"": 40, ""type"": ""straight""}, {""from_link"": -71306, ""to_link"": 71259, ""via_link"": -71258, ""t_start"": 0, ""t_end"": 40, ""type"": ""straight""}, {""from_link"": -71306, ""to_link"": -70791, ""via_link"": -71258, ""t_start"": 0, ""t_end"": 40, ""type"": ""straight""}, {""from_link"": 71075, ""to_link"": 71306, ""via_link"": 71307, ""t_start"": 40, ""t_end"": 0, ""type"": ""straight""}, {""from_link"": 71075, ""to_link"": 71308, ""via_link"": 71307, ""t_start"": 40, ""t_end"": 0, ""type"": ""straight""}, {""from_link"": 71075, ""to_link"": -70791, ""t_start"": 40, ""t_end"": 0, ""type"": ""straight""}, {""from_link"": 71259, ""to_link"": -70791, ""t_start"": 40, ""t_end"": 0, ""type"": ""straight""}, {""from_link"": 71259, ""to_link"": -71705, ""via_link"": 71237, ""t_start"": 40, ""t_end"": 0, ""type"": ""straight""}, {""from_link"": 71259, ""to_link"": 71306, ""via_link"": 71258, ""t_start"": 40, ""t_end"": 0, ""type"": ""straight""}]"
10,60,"[{""from_link"": -67478, ""to_link"": 67117, ""t_start"": 0, ""t_end"": 35, ""type"": ""straight""}, {""from_link"": -67478, ""to_link"": -67282, ""t_start"": 0, ""t_end"": 35, ""type"": ""straight""}, {""from_link"": 67282, ""to_link"": 67478, ""t_start"": 0, ""t_end"": 35, ""type"": ""straight""}]"
11,130,"[{""from_link"": 77795, ""to_link"": 77924, ""t_start"": 0, ""t_end"": 100, ""type"": ""straight""}, {""from_link"": 77871, ""to_link"": 77742, ""t_start"": 0, ""t_end"": 100, ""type"": ""straight""}, {""from_link"": 77795, ""to_link"": 77924, ""t_start"": 12, ""t_end"": 0, ""type"": ""straight""}]"
12,130,"[{""from_link"": 77091, ""to_link"": 77014, ""t_start"": 12, ""t_end"": 0, ""type"": ""straight""}, {""from_link"": 77091, ""to_link"": 77014, ""t_start"": 0, ""t_end"": 96, ""type"": ""straight""}, {""from_link"": 76829, ""to_link"": 76955, ""t_start"": 0, ""t_end"": 96, ""type"": ""straight""}]"
13,130,"[{""from_link"": 76562, ""to_link"": 76672, ""t_start"": 0, ""t_end"": 86, ""type"": ""straight""}]"
14,110,"[{""from_link"": 76228, ""to_link"": 76404, ""t_start"": 0, ""t_end"": 74, ""type"": ""straight""}, {""from_link"": 76323, ""to_link"": 76223, ""via_link"": 76400, ""t_start"": 0, ""t_end"": 74, ""type"": ""straight""}, {""from_link"": -76399, ""to_link"": 76223, ""via_link"": 76269, ""t_start"": 36, ""t_end"": 0, ""type"": ""straight""}]"
15,130,"[{""from_link"": 75575, ""to_link"": 75425, ""t_start"": 0, ""t_end"": 90, ""type"": ""straight""}, {""from_link"": 75245, ""to_link"": 75418, ""t_start"": 0, ""t_end"": 90, ""type"": ""straight""}]"
16,130,"[{""from_link"": 75114, ""to_link"": 75115, ""t_start"": 0, ""t_end"": 72, ""type"": ""straight""}, {""from_link"": 75114, ""to_link"": 74915, ""t_start"": 0, ""t_end"": 72, ""type"": ""straight""}, {""from_link"": 74769, ""to_link"": 75022, ""via_link"": 74978, ""t_start"": 0, ""t_end"": 62, ""type"": ""straight""}, {""from_link"": 75114, ""to_link"": 74787, ""via_link"": 74979, ""t_start"": 64, ""t_end"": 100, ""type"": ""straight""}, {""from_link"": -75115, ""to_link"": 74915, ""t_start"": 68, ""t_end"": 94, ""type"": ""straight""}, {""from_link"": 75316, ""to_link"": 75144, ""t_start"": 0, ""t_end"": 116, ""type"": ""straight""}, {""from_link"": 75022, ""to_link"": 75158, ""t_start"": 0, ""t_end"": 100, ""type"": ""straight""}]"
17,100,"[{""from_link"": 75456, ""to_link"": 75534, ""t_start"": 0, ""t_end"": 100, ""type"": ""straight""}]"
18,130,"[{""from_link"": 76091, ""to_link"": 76779, ""via_link"": 76736, ""t_start"": 0, ""t_end"": 68, ""type"": ""straight""}, {""from_link"": 76783, ""to_link"": 76598, ""via_link"": 76627, ""t_start"": 28, ""t_end"": 0, ""type"": ""straight""}]"
19,130,"[{""from_link"": 77240, ""to_link"": 77327, ""t_start"": 0, ""t_end"": 90, ""type"": ""straight""}, {""from_link"": 77437, ""to_link"": 77340, ""via_link"": 214298, ""t_start"": 0, ""t_end"": 90, ""type"": ""straight""}]"
20,130,"[{""from_link"": 214303, ""to_link"": 77641, ""t_start"": 0, ""t_end"": 90, ""type"": ""straight""}, {""from_link"": 77549, ""to_link"": 77641, ""via_link"": 77598, ""t_start"": 90, ""t_end"": 0, ""type"": ""straight""}, {""from_link"": 77549, ""to_link"": 77696, ""via_link"": 77597, ""t_start"": 90, ""t_end"": 0, ""type"": ""straight""}]"
21,130,"[{""from_link"": 214303, ""to_link"": 77641, ""t_start"": 0, ""t_end"": 90, ""type"": ""straight""}, {""from_link"": 77549, ""to_link"": 77641, ""via_link"": 77598, ""t_start"": 90, ""t_end"": 0, ""type"": ""straight""}, {""from_link"": 77549, ""to_link"": 77696, ""via_link"": 77597, ""t_start"": 90, ""t_end"": 0, ""type"": ""straight""}]"
22,130,"[{""from_link"": 74013, ""to_link"": 73932, ""t_start"": 0, ""t_end"": 68, ""type"": ""straight""}, {""from_link"": 74014, ""to_link"": 73932, ""t_start"": 0, ""t_end"": 94, ""type"": ""straight""}, {""from_link"": 74014, ""to_link"": 73953, ""via_link"": -73954, ""t_start"": 68, ""t_end"": 94, ""type"": ""straight""}]"
23,130,"[{""from_link"": 214617, ""to_link"": 73414, ""via_link"": 73511, ""t_start"": 0, ""t_end"": 80, ""type"": ""straight""}, {""from_link"": 73414, ""to_link"": 73415, ""t_start"": 0, ""t_end"": 80, ""type"": ""straight""}, {""from_link"": 73286, ""to_link"": 73328, ""t_start"": 0, ""t_end"": 80, ""type"": ""straight""}, {""from_link"": 73360, ""to_link"": 73409, ""t_start"": 0, ""t_end"": 80, ""type"": ""straight""}, {""from_link"": 73345, ""to_link"": 73414, ""via_link"": 73408, ""t_start"": 80, ""t_end"": 0, ""type"": ""straight""}, {""from_link"": 73345, ""to_link"": 73542, ""via_link"": 73407, ""t_start"": 80, ""t_end"": 0, ""type"": ""straight""}]"
24,130,"[{""from_link"": 73504, ""to_link"": 214336, ""t_start"": 0, ""t_end"": 82, ""type"": ""straight""}, {""from_link"": 73446, ""to_link"": 73285, ""t_start"": 0, ""t_end"": 82, ""type"": ""straight""}, {""from_link"": 214337, ""to_link"": 214336, ""t_start"": 82, ""t_end"": 0, ""type"": ""straight""}, {""from_link"": 214337, ""to_link"": 73285, ""via_link"": 214326, ""t_start"": 82, ""t_end"": 0, ""type"": ""straight""}, {""from_link"": 72854, ""to_link"": 73285, ""t_start"": 82, ""t_end"": 0, ""type"": ""straight""}]"
25,130,"[{""from_link"": 74335, ""to_link"": 74304, ""t_start"": 0, ""t_end"": 96, ""type"": ""straight""}, {""from_link"": 74335, ""to_link"": 74374, ""via_link"": 72334, ""t_start"": 0, ""t_end"": 36, ""type"": ""straight""}, {""from_link"": 74340, ""to_link"": 74375, ""t_start"": 36, ""t_end"": 96, ""type"": ""straight""}, {""from_link"": -74374, ""to_link"": 74375, ""t_start"": 0, ""t_end"": 36, ""type"": ""straight""}, {""from_link"": -74374, ""to_link"": 74304, ""via_link"": -74334, ""t_start"": 96, ""t_end"": 0, ""type"": ""straight""}, {""from_link"": 74340, ""to_link"": 74374, ""t_start"": 0, ""t_end"": 36, ""type"": ""straight""}, {""from_link"": 74340, ""to_link"": 74374, ""t_start"": 96, ""t_end"": 0, ""type"": ""straight""}]"
26,80,"[{""from_link"": -64620, ""to_link"": -64456, ""t_start"": 0, ""t_end"": 50, ""type"": ""straight""}, {""from_link"": -64621, ""to_link"": -64456, ""t_start"": 50, ""t_end"": 0, ""type"": ""straight""}, {""from_link"": 64456, ""to_link"": 64621, ""t_start"": 50, ""t_end"": 0, ""type"": ""straight""}, {""from_link"": 64456, ""to_link"": 64620, ""t_start"": 0, ""t_end"": 50, ""type"": ""straight""}]"
27,70,"[{""from_link"": 54610, ""to_link"": -54468, ""via_link"": 54599, ""t_start"": 0, ""t_end"": 40, ""type"": ""straight""}, {""from_link"": 54468, ""to_link"": 54647, ""via_link"": 54600, ""t_start"": 0, ""t_end"": 40, ""type"": ""straight""}]"
28,70,"[{""from_link"": 55405, ""to_link"": 55613, ""t_start"": 0, ""t_end"": 31, ""type"": ""straight""}, {""from_link"": 55405, ""to_link"": 55612, ""t_start"": 0, ""t_end"": 31, ""type"": ""straight""}, {""from_link"": 55405, ""to_link"": -55387, ""via_link"": -55588, ""t_start"": 0, ""t_end"": 31, ""type"": ""straight""}, {""from_link"": 55587, ""to_link"": -55387, ""t_start"": 0, ""t_end"": 31, ""type"": ""straight""}, {""from_link"": 55587, ""to_link"": 55613, ""via_link"": 55588, ""t_start"": 0, ""t_end"": 31, ""type"": ""straight""}, {""from_link"": 55587, ""to_link"": 55370, ""t_start"": 0, ""t_end"": 31, ""type"": ""straight""}, {""from_link"": 55387, ""to_link"": 55613, ""via_link"": 55588, ""t_start"": 30, ""t_end"": 0, ""type"": ""straight""}, {""from_link"": 55387, ""to_link"": 55612, ""via_link"": 55588, ""t_start"": 30, ""t_end"": 0, ""type"": ""straight""}, {""from_link"": 55387, ""to_link"": 55370, ""t_start"": 30, ""t_end"": 0, ""type"": ""straight""}, {""from_link"": -55613, ""to_link"": 55612, ""t_start"": 30, ""t_end"": 0, ""type"": ""straight""}, {""from_link"": -55613, ""to_link"": -55588, ""via_link"": 55370, ""t_start"": 30, ""t_end"": 0, ""type"": ""straight""}, {""from_link"": -55613, ""to_link"": -55588, ""via_link"": -55387, ""t_start"": 30, ""t_end"": 0, ""type"": ""straight""}]"
29,87,"[{""from_link"": 56305, ""to_link"": 56478, ""via_link"": 56438, ""t_start"": 0, ""t_end"": 40, ""type"": ""straight""}, {""from_link"": 56305, ""to_link"": 56439, ""t_start"": 0, ""t_end"": 40, ""type"": ""straight""}, {""from_link"": 56305, ""to_link"": -56202, ""via_link"": -56405, ""t_start"": 0, ""t_end"": 40, ""type"": ""straight""}, {""from_link"": -56478, ""to_link"": 56246, ""via_link"": 56406, ""t_start"": 0, ""t_end"": 40, ""type"": ""straight""}, {""from_link"": -56478, ""to_link"": -56202, ""via_link"": 56406, ""t_start"": 0, ""t_end"": 40, ""type"": ""straight""}, {""from_link"": -56439, ""to_link"": -56202, ""via_link"": -56405, ""t_start"": 40, ""t_end"": 0, ""type"": ""straight""}, {""from_link"": -56439, ""to_link"": 56246, ""via_link"": -56405, ""t_start"": 40, ""t_end"": 0, ""type"": ""straight""}, {""from_link"": -56439, ""to_link"": 56478, ""via_link"": 56438, ""t_start"": 40, ""t_end"": 0, ""type"": ""straight""}, {""from_link"": 56202, ""to_link"": 56246, ""t_start"": 40, ""t_end"": 0, ""type"": ""straight""}, {""from_link"": 56202, ""to_link"": -56439, ""via_link"": 56405, ""t_start"": 40, ""t_end"": 0, ""type"": ""straight""}]"
30,100,"[{""from_link"": -61696, ""to_link"": -60763, ""via_link"": 61575, ""t_start"": 61, ""t_end"": 0, ""type"": ""straight""}, {""from_link"": 60763, ""to_link"": -61277, ""via_link"": 61576, ""t_start"": 61, ""t_end"": 0, ""type"": ""straight""}, {""from_link"": -61696, ""to_link"": -61277, ""via_link"": -61655, ""t_start"": 41, ""t_end"": 61, ""type"": ""straight""}, {""from_link"": 61277, ""to_link"": -60763, ""via_link"": -61576, ""t_start"": 0, ""t_end"": 35, ""type"": ""straight""}, {""from_link"": 61277, ""to_link"": 61696, ""via_link"": 61655, ""t_start"": 0, ""t_end"": 35, ""type"": ""straight""}]"
